,Player Name,Season,Team Name,ID,Fminside Link
0,Mateusz Lis ,2020/2021,Wisła Kraków,0,https://fminside.net/players/2-fm-22/96075388-mateusz-lis
1,Lukas Klemenz ,2020/2021,Wisła Kraków,1,https://fminside.net/players/2-fm-22/96054982-lukas-klemenz
2,David Niepsuj ,2020/2021,Wisła Kraków,2,https://fminside.net/players/2-fm-22/91142977-david-niepsuj
3,Rafal Janicki ,2020/2021,Wisła Kraków,3,https://fminside.net/players/2-fm-22/96017945-rafal-janicki
4,Maciej Sadlok ,2020/2021,Wisła Kraków,4,https://fminside.net/players/2-fm-22/54007366-maciej-sadlok
5,Kamil Wojtkowski ,2020/2021,Wisła Kraków,5,https://fminside.net/players/2-fm-22/96080078-kamil-wojtkowski
6,Chuca ,2020/2021,Wisła Kraków,6,https://fminside.net/players/67227812-chuca
7,Rafal Boguski ,2020/2021,Wisła Kraków,7,https://fminside.net/players/2-fm-22/721140-rafal-boguski
8,Mateusz Holownia ,2020/2021,Wisła Kraków,8,https://fminside.net/players/2-fm-22/96067536-mateusz-holownia
9,Vullnet Basha ,2020/2021,Wisła Kraków,9,https://fminside.net/players/69002759-vullnet-basha
10,Alon Turgeman ,2020/2021,Wisła Kraków,10,https://fminside.net/players/2-fm-22/42022993-alon-turgeman
11,Adam Buksa ,2020/2021,Wisła Kraków,11,https://fminside.net/players/2-fm-22/96055358-adam-buksa
12,Dariusz Pawlowski ,2020/2021,Wisła Kraków,12,https://fminside.net/players/2-fm-22/96113781-dariusz-pawlowski
13,Lubomir Tupta ,2020/2021,Wisła Kraków,13,https://fminside.net/players/2-fm-22/43206262-lubomir-tupta
14,Marek Koziol ,2020/2021,Korona Kielce,14,https://fminside.net/players/96008867-marek-koziol
15,Michael Gardawski ,2020/2021,Korona Kielce,15,https://fminside.net/players/35014356-michael-gardawski
16,Adnan Kovacevic ,2020/2021,Korona Kielce,16,https://fminside.net/players/2-fm-22/62076853-adnan-kovacevic
17,Themistoklis Tzimopoulos ,2020/2021,Korona Kielce,17,https://fminside.net/players/690943-themistoklis-tzimopoulos
18,Grzegorz Szymusik ,2020/2021,Korona Kielce,18,https://fminside.net/players/96092190-grzegorz-szymusik
19,Petteri Forsell ,2020/2021,Korona Kielce,19,https://fminside.net/players/33004450-petteri-forsell
20,Jakub Zubrowski ,2020/2021,Korona Kielce,20,https://fminside.net/players/2-fm-22/96029283-jakub-zubrowski
21,Daniel Szelagowski ,2020/2021,Korona Kielce,21,https://fminside.net/players/2-fm-22/96159204-daniel-szelagowski
22,Marcin Cebula ,2020/2021,Korona Kielce,22,https://fminside.net/players/96047865-marcin-cebula
23,Milan Radin ,2020/2021,Korona Kielce,23,https://fminside.net/players/62073136-milan-radin
24,Jakub Kielb ,2020/2021,Korona Kielce,24,https://fminside.net/players/2-fm-22/96025073-jakub-kielb
25,Iwo Kaczmarski ,2020/2021,Korona Kielce,25,https://fminside.net/players/2-fm-22/2000012809-iwo-kaczmarski
26,Wiktor Dlugosz ,2020/2021,Korona Kielce,26,https://fminside.net/players/2-fm-22/96117528-wiktor-dlugosz
27,Mateusz Spychala ,2020/2021,Korona Kielce,27,https://fminside.net/players/2-fm-22/96075389-mateusz-spychala
56,Krzysztof Kaminski ,2020/2021,Wisła Płock,28,https://fminside.net/players/2-fm-22/2000047409-krzysztof-kaminski
57,Alan Uryga ,2020/2021,Wisła Płock,29,https://fminside.net/players/2-fm-22/96016172-alan-uryga
58,Jakub Rzezniczak ,2020/2021,Wisła Płock,30,https://fminside.net/players/2-fm-22/717396-jakub-rzezniczak
59,Kristian Vallo ,2020/2021,Wisła Płock,31,https://fminside.net/players/63029352-kristian-vallo
60,Ángel García ,2020/2021,Wisła Płock,32,https://fminside.net/players/51075435-angel-garcia
61,Mateusz Szwoch ,2020/2021,Wisła Płock,33,https://fminside.net/players/2-fm-22/96048606-mateusz-szwoch
62,Filip Lesniak ,2020/2021,Wisła Płock,34,https://fminside.net/players/28088511-filip-lesniak
63,Dawid Kocyla ,2020/2021,Wisła Płock,35,https://fminside.net/players/2-fm-22/96150940-dawid-kocyla
64,Hubert Adamczyk ,2020/2021,Wisła Płock,36,https://fminside.net/players/2-fm-22/28100044-hubert-adamczyk
65,Damian Rasak ,2020/2021,Wisła Płock,37,https://fminside.net/players/96052943-damian-rasak
66,Patryk Tuszynski ,2020/2021,Wisła Płock,38,https://fminside.net/players/2-fm-22/96000017-patryk-tuszynski
67,Michal Lewandowski ,2020/2021,Wisła Płock,39,https://fminside.net/players/2-fm-22/43206211-michal-lewandowski
68,Dusan Lagator ,2020/2021,Wisła Płock,40,https://fminside.net/players/62108811-duan-lagator
69,Piotr Tomasik ,2020/2021,Wisła Płock,41,https://fminside.net/players/54005708-piotr-tomasik
70,Luka Susnjara ,2020/2021,Wisła Płock,42,https://fminside.net/players/62154504-luka-susnjara
71,Frantisek Plach ,2020/2021,Piast Gliwice,43,https://fminside.net/players/2-fm-22/63012904-frantiek-plach
72,Bartosz Rymaniak ,2020/2021,Piast Gliwice,44,https://fminside.net/players/2-fm-22/54010658-bartosz-rymaniak
73,Tomas Huk ,2020/2021,Piast Gliwice,45,https://fminside.net/players/2-fm-22/63023509-toma-huk
74,Jakub Czerwinski ,2020/2021,Piast Gliwice,46,https://fminside.net/players/2-fm-22/43020394-jakub-czerwinski
75,Martin Konczkowski ,2020/2021,Piast Gliwice,47,https://fminside.net/players/2-fm-22/96027379-martin-konczkowski
76,Gerard Badía ,2020/2021,Piast Gliwice,48,https://fminside.net/players/2-fm-22/67062976-gerard-badia
77,Michal Chrapek ,2020/2021,Piast Gliwice,49,https://fminside.net/players/2-fm-22/96007971-michal-chrapek
78,Tomasz Jodlowiec ,2020/2021,Piast Gliwice,50,https://fminside.net/players/2-fm-22/718133-tomasz-jodlowiec
79,Arkadiusz Pyrka ,2020/2021,Piast Gliwice,51,https://fminside.net/players/2-fm-22/96143927-arkadiusz-pyrka
80,Patryk Sokolowski ,2020/2021,Piast Gliwice,52,https://fminside.net/players/2-fm-22/96044634-patryk-sokolowski
81,Jakub Swierczok ,2020/2021,Piast Gliwice,53,https://fminside.net/players/96010067-jakub-wierczok
82,Patryk Lipski ,2020/2021,Piast Gliwice,54,https://fminside.net/players/2-fm-22/96047826-patryk-lipski
83,Kristopher Vida ,2020/2021,Piast Gliwice,55,https://fminside.net/players/2-fm-22/37043826-kristopher-vida
84,Michal Zyro ,2020/2021,Piast Gliwice,56,https://fminside.net/players/2-fm-22/54016016-michal-zyro
85,Dominik Steczyk ,2020/2021,Piast Gliwice,57,https://fminside.net/players/96081909-dominik-steczyk
142,Rafal Straczek ,2020/2021,PGE FKS Stal Mielec,58,https://fminside.net/players/96110738-rafal-straczek
143,Marcin Flis ,2020/2021,PGE FKS Stal Mielec,59,https://fminside.net/players/96021901-marcin-flis
144,FC Paris Saint,2020/2021,PGE FKS Stal Mielec,60,https://fminside.net/clubs/2-fm-22/868-paris-saint-germain
145,Jonathan de Amo ,2020/2021,PGE FKS Stal Mielec,61,https://fminside.net/players/67092520-jonathan-de-amo
146,Krystian Getinger ,2020/2021,PGE FKS Stal Mielec,62,https://fminside.net/players/2-fm-22/54008646-krystian-getinger
147,Grzegorz Tomasiewicz ,2020/2021,PGE FKS Stal Mielec,63,https://fminside.net/players/96032629-grzegorz-tomasiewicz
148,Mateusz Matras ,2020/2021,PGE FKS Stal Mielec,64,https://fminside.net/players/96027318-mateusz-matras
149,Maciej Urbanczyk ,2020/2021,PGE FKS Stal Mielec,65,https://fminside.net/players/96047822-maciej-urbaczyk
150,Albin Granlund ,2020/2021,PGE FKS Stal Mielec,66,https://fminside.net/players/2-fm-22/33012453-albin-granlund
152,Maciej Domanski ,2020/2021,PGE FKS Stal Mielec,67,https://fminside.net/players/96011267-maciej-domanski
153,Robert Dadok ,2020/2021,PGE FKS Stal Mielec,68,https://fminside.net/players/2-fm-22/96083424-robert-dadok
154,Aleksandar Kolev ,2020/2021,PGE FKS Stal Mielec,69,https://fminside.net/players/18056527-aleksandar-kolev
155,Andreja Prokić ,2020/2021,PGE FKS Stal Mielec,70,https://fminside.net/players/96021109-andreja-proki
156,Michal Mak ,2020/2021,PGE FKS Stal Mielec,71,https://fminside.net/players/96016057-michal-mak
157,Dante Stipica ,2020/2021,Pogoń Szczecin,72,https://fminside.net/players/2-fm-22/24003768-dante-stipica
158,Luís Mata ,2020/2021,Pogoń Szczecin,73,https://fminside.net/players/55070306-luis-mata
159,Konstantinos Triantafyllopoulos ,2020/2021,Pogoń Szczecin,74,https://www.transfermarkt.pl/konstantinos-triantafyllopoulos/profil/spieler/185691
160,Mariusz Malec ,2020/2021,Pogoń Szczecin,75,https://fminside.net/players/2-fm-22/96083082-mariusz-malec
161,Jakub Bartkowski ,2020/2021,Pogoń Szczecin,76,https://fminside.net/players/96018179-jakub-bartkowski
162,Damian Dabrowski ,2020/2021,Pogoń Szczecin,77,https://fminside.net/players/2-fm-22/96018531-damian-dabrowski
163,Sebastian Kowalczyk ,2020/2021,Pogoń Szczecin,78,https://fminside.net/players/96104760-sebastian-kowalczyk
164,Rafal Kurzawa ,2020/2021,Pogoń Szczecin,79,https://fminside.net/players/2-fm-22/96026542-rafal-kurzawa
165,Michal Kucharczyk ,2020/2021,Pogoń Szczecin,80,https://fminside.net/players/96003382-micha-kucharczyk
166,Kamil Drygas ,2020/2021,Pogoń Szczecin,81,https://fminside.net/players/2-fm-22/96010344-kamil-drygas
167,Adrian Benedyczak ,2020/2021,Pogoń Szczecin,82,https://fminside.net/players/2-fm-22/96114107-adrian-benedyczak
168,Kacper Smolinski ,2020/2021,Pogoń Szczecin,83,https://fminside.net/players/2-fm-22/96137873-kacper-smolinski
169,Tomás Podstawski ,2020/2021,Pogoń Szczecin,84,https://fminside.net/players/2-fm-22/55038682-tomas-podstawski
170,Luka Zahovic ,2020/2021,Pogoń Szczecin,85,https://fminside.net/players/2-fm-22/62094092-luka-zahovic
171,Santeri Hostikka ,2020/2021,Pogoń Szczecin,86,https://fminside.net/players/2-fm-22/33064225-santeri-hostikka
172,Mariusz Fornalczyk ,2020/2021,Pogoń Szczecin,87,https://fminside.net/players/2-fm-22/96162899-mariusz-fornalczyk
173,Matus Putnocky ,2020/2021,Śląsk Wrocław,88,https://fminside.net/players/7562341-matu-putnock
174,Lubambo Musonda ,2020/2021,Śląsk Wrocław,89,https://fminside.net/players/2-fm-22/59092467-lubambo-musonda
175,Israel Puerto ,2020/2021,Śląsk Wrocław,90,https://fminside.net/players/67156529-israel-puerto
176,Dino Stiglec ,2020/2021,Śląsk Wrocław,91,https://fminside.net/players/2-fm-22/24004748-dino-tiglec
177,Márk Tamás ,2020/2021,Śląsk Wrocław,92,https://fminside.net/players/2-fm-22/38037189-mark-tamas
178,Diego Zivulic ,2020/2021,Śląsk Wrocław,93,https://fminside.net/players/24018458-diego-ivuli
179,Filip Markovic ,2020/2021,Śląsk Wrocław,94,https://fminside.net/players/62060598-filip-markovic
180,Jakub Labojko ,2020/2021,Śląsk Wrocław,95,https://fminside.net/players/2-fm-22/96115997-jakub-labojko
181,Robert Pich ,2020/2021,Śląsk Wrocław,96,https://fminside.net/players/63010759-robert-pich
182,Przemyslaw Placheta ,2020/2021,Śląsk Wrocław,97,https://fminside.net/players/2-fm-22/96088106-przemyslaw-placheta
183,Erik Expósito ,2020/2021,Śląsk Wrocław,98,https://fminside.net/players/67229636-erik-exposito
184,Sebastian Bergier ,2020/2021,Śląsk Wrocław,99,https://fminside.net/players/2-fm-22/96113145-sebastian-bergier
185,Kamil Dankowski ,2020/2021,Śląsk Wrocław,100,https://fminside.net/players/96053730-kamil-dankowski
186,Damian Gaska ,2020/2021,Śląsk Wrocław,101,https://fminside.net/players/96102703-damian-gaska
188,Hubert Matynia ,2020/2021,Pogoń Szczecin,102,https://fminside.net/players/2-fm-22/96080076-hubert-matynia
191,Benedikt Zech ,2020/2021,Pogoń Szczecin,103,https://fminside.net/players/2-fm-22/16024102-benedikt-zech
193,Marcin Listkowski ,2020/2021,Pogoń Szczecin,104,https://fminside.net/players/2-fm-22/96088213-marcin-listkowski
197,Adam Fraczczak ,2020/2021,Pogoń Szczecin,105,https://fminside.net/players/2-fm-22/54002026-adam-fraczczak
198,Hubert Turski ,2020/2021,Pogoń Szczecin,106,https://fminside.net/players/2-fm-22/96142651-hubert-turski
200,Maciej Zurawski ,2020/2021,Pogoń Szczecin,107,https://fminside.net/players/2-fm-22/96115556-maciej-zurawski
257,Dominik Holec ,2020/2021,Raków Częstochowa,108,https://fminside.net/players/63024015-dominik-holec
258,Zoran Arsenic ,2020/2021,Raków Częstochowa,109,https://fminside.net/players/2-fm-22/24042681-zoran-arsenic
259,Andrzej Niewulis ,2020/2021,Raków Częstochowa,110,https://fminside.net/players/96003825-andrzej-niewulis
260,Kamil Piatkowski ,2020/2021,Raków Częstochowa,111,https://fminside.net/players/96131647-kamil-pitkowski
261,Patryk Kun ,2020/2021,Raków Częstochowa,112,https://fminside.net/players/2-fm-22/96063635-patryk-kun
263,David Tijanic ,2020/2021,Raków Częstochowa,113,https://fminside.net/players/62154498-david-tijani
264,Ivi López ,2020/2021,Raków Częstochowa,114,https://fminside.net/players/67179125-ivi-lopez
265,Fran Tudor ,2020/2021,Raków Częstochowa,115,https://fminside.net/players/2-fm-22/36096934-fran-tudor
266,Marko Poletanovic ,2020/2021,Raków Częstochowa,116,https://fminside.net/players/2-fm-22/62060482-marko-poletanovic
267,Vladislavs Gutkovskis ,2020/2021,Raków Częstochowa,117,https://fminside.net/players/2-fm-22/47023317-vladislavs-gutkovskis
268,Mateusz Wdowiak ,2020/2021,Raków Częstochowa,118,https://fminside.net/players/96046911-mateusz-wdowiak
270,Petr Schwarz ,2020/2021,Raków Częstochowa,119,https://fminside.net/players/25034136-petr-schwarz
271,Jakub Arak ,2020/2021,Raków Częstochowa,120,https://fminside.net/players/96027100-jakub-arak
275,Tomasz Mokwa ,2020/2021,Piast Gliwice,121,https://fminside.net/players/2-fm-22/96048676-tomasz-mokwa
285,Tiago Alves ,2020/2021,Piast Gliwice,122,https://fminside.net/players/2-fm-22/83108070-tiago-alves
315,Filip Bednarek ,2020/2021,Lech Poznań,123,https://fminside.net/players/2-fm-22/168244-filip-bednarek
316,Bogdan Butko ,2020/2021,Lech Poznań,124,https://fminside.net/players/2-fm-22/71006567-bogdan-butko
317,Tomasz Dejewski ,2020/2021,Lech Poznań,125,https://fminside.net/players/2-fm-22/96049067-tomasz-dejewski
318,Lubomir Satka ,2020/2021,Lech Poznań,126,https://www.transfermarkt.pl/lubomir-satka/profil/spieler/168408
319,Ukraiński obrońca Wasyl Kraweć w Lechu Poznań | Transfermarkt,2020/2021,Lech Poznań,127,https://www.transfermarkt.pl/ukrai%C5%84ski-obro%C5%84ca-wasyl-krawe%C4%87-w-lechu-pozna%C5%84/view/news/370562
320,Jakub Moder ,2020/2021,Lech Poznań,128,https://fminside.net/players/96086697-jakub-moder
321,Pedro Tiba ,2020/2021,Lech Poznań,129,https://fminside.net/players/55013997-pedro-tiba
322,Dani Ramírez ,2020/2021,Lech Poznań,130,https://fminside.net/players/67156427-dani-ramirez
323,Jakub Kaminski ,2020/2021,Lech Poznań,131,https://fminside.net/players/96121228-jakub-kamiski
324,Tymoteusz Puchacz ,2020/2021,Lech Poznań,132,https://fminside.net/players/2-fm-22/96086694-tymoteusz-puchacz
325,Mohammad Awwad ,2020/2021,Lech Poznań,133,https://fminside.net/players/2-fm-22/42068780-muhammad-awwad
326,Alan Czerwinski ,2020/2021,Lech Poznań,134,https://fminside.net/players/2-fm-22/96048932-alan-czerwinski
327,Hubert Sobol ,2020/2021,Lech Poznań,135,https://fminside.net/players/2-fm-22/96105329-hubert-sobol
328,Filip Marchwinski ,2020/2021,Lech Poznań,136,https://fminside.net/players/2-fm-22/96116988-filip-marchwinski
330,Lukasz Burliga ,2020/2021,Wisła Kraków,137,https://fminside.net/players/2-fm-22/54004036-lukasz-burliga
332,Dawid Szot ,2020/2021,Wisła Kraków,138,https://fminside.net/players/2-fm-22/96142663-dawid-szot
333,Adi Mehremic ,2020/2021,Wisła Kraków,139,https://fminside.net/players/21020914-adi-mehremic
334,Stefan Savic ,2020/2021,Wisła Kraków,140,https://fminside.net/players/2-fm-22/62012567-stefan-savic
335,Patryk Plewka ,2020/2021,Wisła Kraków,141,https://fminside.net/players/2-fm-22/96108638-patryk-plewka
336,Georgi Zhukov ,2020/2021,Wisła Kraków,142,https://fminside.net/players/18060344-georgii-zhukov
337,Jonathan Silva ,2020/2021,Wisła Kraków,143,https://fminside.net/players/2-fm-22/19350832-jonathan-silva
338,Yaw Yeboah ,2020/2021,Wisła Kraków,144,https://fminside.net/players/2-fm-22/13158403-yaw-yeboah
339,Felicio Brown Forbes ,2020/2021,Wisła Kraków,145,https://fminside.net/players/2-fm-22/91018523-felicio-brown-forbes
340,Jakub Blaszczykowski ,2020/2021,Wisła Kraków,146,https://fminside.net/players/2-fm-22/719793-jakub-blaszczykowski
341,Dawid Abramowicz ,2020/2021,Wisła Kraków,147,https://fminside.net/players/96018213-dawid-abramowicz
493,Fatos Beqiraj ,2020/2021,Wisła Kraków,148,https://fminside.net/players/2-fm-22/62028960-fatos-beciraj
499,Mariusz Pawelec ,2020/2021,Śląsk Wrocław,149,https://fminside.net/players/2-fm-22/717425-mariusz-pawelec
501,Piotr Celeban ,2020/2021,Śląsk Wrocław,150,https://fminside.net/players/717757-piotr-celeban
502,Wojciech Golla ,2020/2021,Śląsk Wrocław,151,https://fminside.net/players/96001405-wojciech-golla
503,Waldemar Sobota ,2020/2021,Śląsk Wrocław,152,https://fminside.net/players/2-fm-22/96000016-waldemar-sobota
507,Mateusz Praszelik ,2020/2021,Śląsk Wrocław,153,https://fminside.net/players/2-fm-22/96105431-mateusz-praszelik
508,Fabian Piasecki ,2020/2021,Śląsk Wrocław,154,https://fminside.net/players/96062299-fabian-piasecki
509,Mathieu Scalet ,2020/2021,Śląsk Wrocław,155,https://fminside.net/players/96090746-mathieu-scalet
510,Maciej Palaszewski ,2020/2021,Śląsk Wrocław,156,https://fminside.net/players/2-fm-22/96079301-maciej-palaszewski
511,Piotr Samiec,2020/2021,Śląsk Wrocław,157,https://fminside.net/players/2-fm-22/96137843-piotr-samiec-talar
512,Przemyslaw Bargiel ,2020/2021,Śląsk Wrocław,158,https://fminside.net/players/2-fm-22/96103898-przemyslaw-bargiel
513,Artur Boruc ,2020/2021,Legia Warszawa,159,https://fminside.net/players/713854-artur-boruc
514,Mateusz Wieteska ,2020/2021,Legia Warszawa,160,https://fminside.net/players/2-fm-22/96059426-mateusz-wieteska
515,Artem Shabanov ,2020/2021,Legia Warszawa,161,https://fminside.net/players/2-fm-22/71031648-artem-shabanov
516,Josip Juranovic ,2020/2021,Legia Warszawa,162,https://fminside.net/players/24047634-josip-juranovic
517,Bartosz Kapustka ,2020/2021,Legia Warszawa,163,https://fminside.net/players/96049729-bartosz-kapustka
518,Bartosz Slisz ,2020/2021,Legia Warszawa,164,https://fminside.net/players/2-fm-22/96111188-bartosz-slisz
519,Filip Mladenovic ,2020/2021,Legia Warszawa,165,https://fminside.net/players/2-fm-22/62025449-filip-mladenovic
520,Luquinhas ,2020/2021,Legia Warszawa,166,https://fminside.net/players/2-fm-22/84109364-luquinhas
521,André Martins ,2020/2021,Legia Warszawa,167,https://fminside.net/players/2-fm-22/55009957-andre-martins
522,Pawel Wszolek ,2020/2021,Legia Warszawa,168,https://fminside.net/players/96008522-pawel-wszolek
523,Rafa Lopes ,2020/2021,Legia Warszawa,169,https://fminside.net/players/2-fm-22/83253993-rafa-lopes
524,Valeriane Gvilia ,2020/2021,Legia Warszawa,170,https://fminside.net/players/2-fm-22/71072151-valeriane-gvilia
525,Tomas Pekhart ,2020/2021,Legia Warszawa,171,https://fminside.net/players/2-fm-22/28005831-toma-pekhart
526,Adrian Lis ,2020/2021,Warta Poznań,172,https://fminside.net/players/2-fm-22/96010249-adrian-lis
527,Aleks Lawniczak ,2020/2021,Warta Poznań,173,https://fminside.net/players/2-fm-22/96145161-aleks-lawniczak
528,Robert Ivanov ,2020/2021,Warta Poznań,174,https://fminside.net/players/2-fm-22/33061077-robert-ivanov
529,Jan Grzesik ,2020/2021,Warta Poznań,175,https://fminside.net/players/2-fm-22/96061692-jan-grzesik
531,Makana Baku ,2020/2021,Warta Poznań,176,https://fminside.net/players/2-fm-22/92091314-makana-baku
532,Mateusz Kupczak ,2020/2021,Warta Poznań,177,https://fminside.net/players/2-fm-22/96018070-mateusz-kupczak
534,Mateusz Czyzycki ,2020/2021,Warta Poznań,178,https://fminside.net/players/2-fm-22/96106614-mateusz-czyzycki
535,Mateusz Kuzimski ,2020/2021,Warta Poznań,179,https://fminside.net/players/2-fm-22/96031407-mateusz-kuzimski
536,Adam Zrelak ,2020/2021,Warta Poznań,180,https://fminside.net/players/2-fm-22/63025549-adam-zrelak
537,Mariusz Rybicki ,2020/2021,Warta Poznań,181,https://fminside.net/players/2-fm-22/96031067-mariusz-rybicki
570,Bartosz Kieliba ,2020/2021,Warta Poznań,182,https://fminside.net/players/2-fm-22/96009325-bartosz-kieliba
571,Jakub Kuzdra ,2020/2021,Warta Poznań,183,https://fminside.net/players/2-fm-22/96086516-jakub-kuzdra
575,Michal Jakobowski ,2020/2021,Warta Poznań,184,https://fminside.net/players/2-fm-22/96032463-michal-jakobowski
576,Lukasz Tralka ,2020/2021,Warta Poznań,185,https://fminside.net/players/2-fm-22/717766-lukasz-tralka
577,Gracjan Jaroch ,2020/2021,Warta Poznań,186,https://fminside.net/players/2-fm-22/96104764-gracjan-jaroch
580,Adrian Laskowski ,2020/2021,Warta Poznań,187,https://fminside.net/players/2-fm-22/96018159-adrian-laskowski
581,Dusan Kuciak ,2020/2021,Lechia Gdańsk,188,https://fminside.net/players/7560127-duan-kuciak
582,Karol Fila ,2020/2021,Lechia Gdańsk,189,https://fminside.net/players/96093091-karol-fila
583,Michal Nalepa ,2020/2021,Lechia Gdańsk,190,https://fminside.net/players/2-fm-22/96064350-michal-nalepa
584,Bartosz Kopacz ,2020/2021,Lechia Gdańsk,191,https://fminside.net/players/96007386-bartosz-kopacz
585,Rafal Pietrzak ,2020/2021,Lechia Gdańsk,192,https://fminside.net/players/2-fm-22/54008755-rafal-pietrzak
586,Jaroslav Mihalik ,2020/2021,Lechia Gdańsk,193,https://fminside.net/players/2-fm-22/63013144-jaroslav-mihalik
587,Maciej Gajos ,2020/2021,Lechia Gdańsk,194,https://fminside.net/players/2-fm-22/96002753-maciej-gajos
588,Jaroslaw Kubicki ,2020/2021,Lechia Gdańsk,195,https://fminside.net/players/96052624-jaroslaw-kubicki
589,Tomasz Makowski ,2020/2021,Lechia Gdańsk,196,https://fminside.net/players/2-fm-22/96093081-tomasz-makowski
590,Flávio Paixão ,2020/2021,Lechia Gdańsk,197,https://fminside.net/players/2-fm-22/67039209-flavio-paixao
591,Lukasz Zwolinski ,2020/2021,Lechia Gdańsk,198,https://fminside.net/players/96032774-lukasz-zwolinski
592,Jakub Kaluzinski ,2020/2021,Lechia Gdańsk,199,https://fminside.net/players/2-fm-22/96132920-jakub-kaluzinski
593,Zarko Udovicic ,2020/2021,Lechia Gdańsk,200,https://fminside.net/players/1-fm-21/62013679-arko-udovicic
594,Omran Haydary ,2020/2021,Lechia Gdańsk,201,https://fminside.net/players/37073812-omran-haydary
627,Mikkel Kirkeskov ,2020/2021,Piast Gliwice,202,https://fminside.net/players/27013698-mikkel-kirkeskov
628,Sebastian Milewski ,2020/2021,Piast Gliwice,203,https://fminside.net/players/96090581-sebastian-milewski
635,Jakub Holubek ,2020/2021,Piast Gliwice,204,https://fminside.net/players/63011025-jakub-holubek
643,Damian Zbozien ,2020/2021,Wisła Płock,205,https://fminside.net/players/2-fm-22/54003779-damian-zbozien
644,Milan Obradovic ,2020/2021,Wisła Płock,206,https://fminside.net/players/62163525-milan-obradovi
648,Piotr Pyrdol ,2020/2021,Wisła Płock,207,https://fminside.net/players/2-fm-22/96111616-piotr-pyrdol
649,Cillian Sheridan ,2020/2021,Wisła Płock,208,https://fminside.net/players/155141-cillian-sheridan
650,Torgil Gjertsen ,2020/2021,Wisła Płock,209,https://fminside.net/players/2-fm-22/53029798-torgil-gjertsen
651,Airam Cabrera ,2020/2021,Wisła Płock,210,https://fminside.net/players/67062196-airam-cabrera
654,Jakub Szumski ,2020/2021,Raków Częstochowa,211,https://fminside.net/players/96009983-jakub-szumski
656,Maciej Wilusz ,2020/2021,Raków Częstochowa,212,https://fminside.net/players/2-fm-22/37005764-maciej-wilusz
657,Tomas Petrasek ,2020/2021,Raków Częstochowa,213,https://fminside.net/players/25044947-toma-petraek
661,Igor Sapala ,2020/2021,Raków Częstochowa,214,https://fminside.net/players/2-fm-22/96100294-igor-sapala
665,Daniel Bartl ,2020/2021,Raków Częstochowa,215,https://fminside.net/players/25020643-daniel-bartl
669,Piotr Malinowski ,2020/2021,Raków Częstochowa,216,https://fminside.net/players/2-fm-22/54004105-piotr-malinowski
673,Damian Michalski ,2020/2021,Wisła Płock,217,https://fminside.net/players/96104160-damian-michalski
681,Wojciech Szumilas ,2020/2021,Wisła Płock,218,https://fminside.net/players/2-fm-22/96108993-wojciech-szumilas
682,Aleksander Pawlak ,2020/2021,Wisła Płock,219,https://fminside.net/players/96149927-aleksander-pawlak
741,Martin Chudy ,2020/2021,Górnik Zabrze,220,https://fminside.net/players/63004646-martin-chud
742,Aleksander Paluszek ,2020/2021,Górnik Zabrze,221,https://fminside.net/players/2-fm-22/96137857-aleksander-paluszek
743,Adrian Gryszkiewicz ,2020/2021,Górnik Zabrze,222,https://www.transfermarkt.pl/adrian-gryszkiewicz/profil/spieler/388944
744,Przemyslaw Wisniewski ,2020/2021,Górnik Zabrze,223,https://fminside.net/players/2-fm-22/96136102-przemyslaw-wisniewski
745,Erik Janza ,2020/2021,Górnik Zabrze,224,https://fminside.net/players/2-fm-22/62070855-erik-jana
746,Georgios Masouras ,2020/2021,Górnik Zabrze,225,https://en.wikipedia.org/wiki/Georgios_Masouras
747,Krzysztof Kubica ,2020/2021,Górnik Zabrze,226,https://fminside.net/players/2-fm-22/96142780-krzysztof-kubica
748,Alasana Manneh ,2020/2021,Górnik Zabrze,227,https://fminside.net/players/2-fm-22/219033-alasana-manneh
749,Bartosz Nowak ,2020/2021,Górnik Zabrze,228,https://fminside.net/players/2-fm-22/96020398-bartosz-nowak
750,Alex Sobczyk ,2020/2021,Górnik Zabrze,229,https://fminside.net/players/2-fm-22/16162483-alex-sobczyk
751,Jesús Jiménez ,2020/2021,Górnik Zabrze,230,https://fminside.net/players/2-fm-22/67278165-jesus-jimenez
752,Piotr Krawczyk ,2020/2021,Górnik Zabrze,231,https://fminside.net/players/96064110-piotr-krawczyk
753,Norbert Wojtuszek ,2020/2021,Górnik Zabrze,232,https://fminside.net/players/2-fm-22/96148927-norbert-wojtuszek
754,Stefanos Evangelou ,2020/2021,Górnik Zabrze,233,https://fminside.net/players/2-fm-22/36099042-stefanos-evangelou
755,Richmond Boakye ,2020/2021,Górnik Zabrze,234,https://fminside.net/players/43061332-richmond-boakye
762,Maciej Jankowski ,2020/2021,PGE FKS Stal Mielec,235,https://fminside.net/players/2-fm-22/96018381-maciej-jankowski
768,Lukasz Zjawinski ,2020/2021,PGE FKS Stal Mielec,236,https://fminside.net/players/2-fm-22/96115263-lukasz-zjawinski
771,Wojciech Lisowski ,2020/2021,PGE FKS Stal Mielec,237,https://fminside.net/players/96009985-wojciech-lisowski
804,Kristers Tobers ,2020/2021,Lechia Gdańsk,238,https://fminside.net/players/47090280-kristers-tobers
805,Kenny Saief ,2020/2021,Lechia Gdańsk,239,https://fminside.net/players/2-fm-22/42022933-kenny-saief
806,Egzon Kryeziu ,2020/2021,Lechia Gdańsk,240,https://fminside.net/players/62213205-egzon-kryeziu
807,Mateusz Zukowski ,2020/2021,Lechia Gdańsk,241,https://fminside.net/players/2-fm-22/96115482-mateusz-zukowski
815,Conrado ,2020/2021,Lechia Gdańsk,242,https://fminside.net/players/19359019-conrado
947,David Stec ,2020/2021,Pogoń Szczecin,243,https://fminside.net/players/16096611-david-stec
948,Kacper Kozlowski ,2020/2021,Pogoń Szczecin,244,https://fminside.net/players/96145145-kacper-kozowski
950,Alexander Gorgon ,2020/2021,Pogoń Szczecin,245,https://fminside.net/players/2-fm-22/16003912-alexander-gorgon
959,Michal Peskovic ,2020/2021,Podbeskidzie Bielsko - Biała,246,https://fminside.net/players/2-fm-22/7560458-michal-pekovic
960,Kacper Gach ,2020/2021,Podbeskidzie Bielsko - Biała,247,https://fminside.net/players/96120693-kacper-gach
961,"Dmytro Baszłaj – Wikipedia, wolna encyklopedia",2020/2021,Podbeskidzie Bielsko - Biała,248,https://pl.wikipedia.org/wiki/Dmytro_Basz%C5%82aj
962,Milan Rundic ,2020/2021,Podbeskidzie Bielsko - Biała,249,https://fminside.net/players/2-fm-22/62079391-milan-rundic
963,Filip Modelski ,2020/2021,Podbeskidzie Bielsko - Biała,250,https://fminside.net/players/2-fm-22/29087281-filip-modelski
964,Michal Rzuchowski ,2020/2021,Podbeskidzie Bielsko - Biała,251,https://fminside.net/players/2-fm-22/96028993-michal-rzuchowski
965,Maksymilian Sitek ,2020/2021,Podbeskidzie Bielsko - Biała,252,https://fminside.net/players/2-fm-22/96122120-maksymilian-sitek
966,Lukasz Sierpina ,2020/2021,Podbeskidzie Bielsko - Biała,253,https://fminside.net/players/2-fm-22/96004758-lukasz-sierpina
967,Tadeusz Nowak ,2020/2021,Podbeskidzie Bielsko - Biała,254,https://culture.pl/pl/tworca/tadeusz-nowak
968,Marko Roginic ,2020/2021,Podbeskidzie Bielsko - Biała,255,https://fminside.net/players/2-fm-22/62215324-marko-roginic
969,Kamil Bilinski ,2020/2021,Podbeskidzie Bielsko - Biała,256,https://fminside.net/players/2-fm-22/54002413-kamil-bilinski
970,Sergiy Myakushko ,2020/2021,Podbeskidzie Bielsko - Biała,257,https://fminside.net/players/71042511-sergiy-myakushko
971,Szymon Mroczko ,2020/2021,Podbeskidzie Bielsko - Biała,258,https://fminside.net/players/2-fm-22/96163385-szymon-mroczko
1088,Roman Prochazka ,2020/2021,Górnik Zabrze,259,https://fminside.net/players/63002353-roman-prochazka
1089,Daniel Scislak ,2020/2021,Górnik Zabrze,260,https://fminside.net/players/2-fm-22/96125537-daniel-scislak
1096,Krzysztof Michalski ,2020/2021,Górnik Zabrze,261,https://businessinsider.com.pl/pracownicy-kancelarii-premiera-w-aferze-mailowej-krzysztof-michalski/me49nrk
1097,Michal Rostkowski ,2020/2021,Górnik Zabrze,262,https://fminside.net/players/2-fm-22/96143294-michal-rostkowski
1113,Karol Niemczycki ,2020/2021,Cracovia,263,https://fminside.net/players/2-fm-22/37070230-karol-niemczycki
1114,Matej Rodin ,2020/2021,Cracovia,264,https://fminside.net/players/24052225-matej-rodin
1115,Damir Sadikovic ,2020/2021,Cracovia,265,https://fminside.net/players/2-fm-22/21022758-damir-sadikovic
1116,Patryk Zaucha ,2020/2021,Cracovia,266,https://fminside.net/players/2-fm-22/96105432-patryk-zaucha
1117,Cornel Rapa ,2020/2021,Cracovia,267,https://fminside.net/players/2-fm-22/57006241-cornel-rapa
1118,Iván Márquez ,2020/2021,Cracovia,268,https://fminside.net/players/2-fm-22/67211327-ivan-marquez
1119,Milan Dimun ,2020/2021,Cracovia,269,https://fminside.net/players/63027509-milan-dimun
1120,Pelle van Amersfoort ,2020/2021,Cracovia,270,https://fminside.net/players/37045760-pelle-van-amersfoort
1121,Marcos Álvarez ,2020/2021,Cracovia,271,https://fminside.net/players/67271718-marcos-alvarez
1122,Ivan Fiolic ,2020/2021,Cracovia,272,https://fminside.net/players/2-fm-22/24039616-ivan-fiolic
1123,Rivaldinho ,2020/2021,Cracovia,273,https://fminside.net/players/19148891-rivaldinho
1124,Diego Ferraresso ,2020/2021,Cracovia,274,https://fminside.net/players/2-fm-22/22028484-diego-ferraresso
1125,Tomas Vestenicky ,2020/2021,Cracovia,275,https://fminside.net/players/63025870-toma-vestenick
1126,Filip Piszczek ,2020/2021,Cracovia,276,https://fminside.net/players/2-fm-22/96080136-filip-piszczek
1127,Dawid Szymonowicz ,2020/2021,Cracovia,277,https://fminside.net/players/2-fm-22/96063637-dawid-szymonowicz
1139,Michal Rakowiecki ,2020/2021,Piast Gliwice,278,https://fminside.net/players/96158914-micha-rakowiecki
1233,Marcel Zylla ,2020/2021,Śląsk Wrocław,279,https://fminside.net/players/2-fm-22/91175721-marcel-zylla
1234,Krzysztof Maczynski ,2020/2021,Śląsk Wrocław,280,https://fminside.net/players/2-fm-22/54004043-krzysztof-maczynski
1239,Rafal Makowski ,2020/2021,Śląsk Wrocław,281,https://fminside.net/players/96067538-rafa-makowski
1241,Bartlomiej Pawlowski ,2020/2021,Śląsk Wrocław,282,https://fminside.net/players/2-fm-22/96015473-bartlomiej-pawlowski
1242,Damian Weglarz ,2020/2021,Jagiellonia Białystok,283,https://fminside.net/players/96063382-damian-weglarz
1243,Pawel Olszewski ,2020/2021,Jagiellonia Białystok,284,https://fminside.net/players/2-fm-22/96093248-pawel-olszewski
1244,Bogdan Tiru ,2020/2021,Jagiellonia Białystok,285,http://www.90minut.pl/kariera.php?id=37776
1245,Bödvar Bödvarsson ,2020/2021,Jagiellonia Białystok,286,https://www.transfermarkt.com/bodvar-bodvarsson/profil/spieler/273173
1246,Ivan Runje ,2020/2021,Jagiellonia Białystok,287,https://fminside.net/players/24004593-ivan-runje
1247,Martin Pospisil ,2020/2021,Jagiellonia Białystok,288,https://fminside.net/players/25022169-martin-pospiil
1248,Kris Twardek ,2020/2021,Jagiellonia Białystok,289,https://fminside.net/players/29128550-kris-twardek
1249,Taras Romanczuk ,2020/2021,Jagiellonia Białystok,290,https://fminside.net/players/96061971-taras-romanczuk
1250,Maciej Makuszewski ,2020/2021,Jagiellonia Białystok,291,https://fminside.net/players/96006049-maciej-makuszewski
1251,Jesús Imaz ,2020/2021,Jagiellonia Białystok,292,https://fminside.net/players/67102055-jesus-imaz
1252,Bartosz Bida ,2020/2021,Jagiellonia Białystok,293,https://fminside.net/players/2-fm-22/96117682-bartosz-bida
1253,Mateusz Wyjadlowski ,2020/2021,Jagiellonia Białystok,294,https://fminside.net/players/96108639-mateusz-wyjadlowski
1254,Fran López ,2020/2021,Jagiellonia Białystok,295,https://fminside.net/players/67279609-fran-lopez
1255,Blazej Augustyn ,2020/2021,Jagiellonia Białystok,296,https://fminside.net/players/2-fm-22/29003178-blazej-augustyn
1256,Przemyslaw Mystkowski ,2020/2021,Jagiellonia Białystok,297,https://fminside.net/players/96079085-przemyslaw-mystkowski
1257,Lukas Hrosso ,2020/2021,Cracovia,298,https://fminside.net/players/63000806-luka-hroo
1261,Luís Rocha ,2020/2021,Cracovia,299,https://fminside.net/players/2-fm-22/55022487-luis-rocha
1263,Sergiu Hanca ,2020/2021,Cracovia,300,https://fminside.net/players/57054448-sergiu-hanca
1264,Sylwester Lusiusz ,2020/2021,Cracovia,301,https://fminside.net/players/96110462-sylwester-lusiusz
1265,Michal Siplak ,2020/2021,Cracovia,302,https://fminside.net/players/2-fm-22/63026904-michal-siplak
1271,Jakub Kosecki ,2020/2021,Cracovia,303,https://fminside.net/players/2-fm-22/54007025-jakub-kosecki
1272,Florian Loshaj ,2020/2021,Cracovia,304,https://fminside.net/players/18057381-florian-loshaj
1331,Michal Szromnik ,2020/2021,Śląsk Wrocław,305,https://fminside.net/players/2-fm-22/96020356-michal-szromnik
1332,Patryk Janasik ,2020/2021,Śląsk Wrocław,306,https://fminside.net/players/96124432-patryk-janasik
1333,Lukasz Bejger ,2020/2021,Śląsk Wrocław,307,https://fminside.net/players/2-fm-22/96142743-lukasz-bejger
1335,Konrad Poprawa ,2020/2021,Śląsk Wrocław,308,https://fminside.net/players/96126534-konrad-poprawa
1552,Filip Bainovic ,2020/2021,Górnik Zabrze,309,https://fminside.net/players/2-fm-22/62163465-filip-bainovic
1553,Michal Koj ,2020/2021,Górnik Zabrze,310,https://fminside.net/players/36044695-michal-koj
1719,Igor Lasicki ,2020/2021,Pogoń Szczecin,311,https://fminside.net/players/2-fm-22/96041579-igor-lasicki
1728,Thiago ,2020/2021,Cracovia,312,https://fminside.net/players/2-fm-22/67022040-thiago
1734,Daniel Pik ,2020/2021,Cracovia,313,https://fminside.net/players/2-fm-22/96134727-daniel-pik
1758,Ariel Borysiuk ,2020/2021,Jagiellonia Białystok,314,https://fminside.net/players/54003776-ariel-borysiuk
1762,Jakov Puljic ,2020/2021,Jagiellonia Białystok,315,https://fminside.net/players/2-fm-22/24025990-jakov-puljic
1765,Dominik Hladun ,2020/2021,KGHM Zagłębie Lubin,316,https://fminside.net/players/96052620-dominik-hadun
1766,Dominik Jonczy ,2020/2021,KGHM Zagłębie Lubin,317,https://fminside.net/players/2-fm-22/96115995-dominik-jonczy
1767,Lubomir Guldan ,2020/2021,KGHM Zagłębie Lubin,318,https://pl.wikipedia.org/wiki/%C4%BDubom%C3%ADr_Guldan
1768,Jakub Wojcicki ,2020/2021,KGHM Zagłębie Lubin,319,https://fminside.net/players/2-fm-22/96017122-jakub-wojcicki
1769,Mateusz Bartolewski ,2020/2021,KGHM Zagłębie Lubin,320,https://fminside.net/players/2-fm-22/96111101-mateusz-bartolewski
1770,Dejan Drazic ,2020/2021,KGHM Zagłębie Lubin,321,https://fminside.net/players/2-fm-22/62142788-dejan-draic
1771,Patryk Szysz ,2020/2021,KGHM Zagłębie Lubin,322,https://fminside.net/players/2-fm-22/96111859-patryk-szysz
1772,Lukasz Poreba ,2020/2021,KGHM Zagłębie Lubin,323,https://fminside.net/players/2-fm-22/96131652-lukasz-poreba
1773,Evgeniy Bashkirov ,2020/2021,KGHM Zagłębie Lubin,324,https://fminside.net/players/58045013-evgeny-bashkirov
1775,Samuel Mraz ,2020/2021,KGHM Zagłębie Lubin,325,https://fminside.net/players/2-fm-22/63026943-samuel-mraz
1776,Jakub Bednarczyk ,2020/2021,KGHM Zagłębie Lubin,326,https://fminside.net/players/2-fm-22/96113926-jakub-bednarczyk
1777,Kamil Kruk ,2020/2021,KGHM Zagłębie Lubin,327,https://fminside.net/players/2-fm-22/96131665-kamil-kruk
1778,Adam Ratajczyk ,2020/2021,KGHM Zagłębie Lubin,328,https://fminside.net/players/96143608-adam-ratajczyk
1779,Sasa Zivec ,2020/2021,KGHM Zagłębie Lubin,329,https://fminside.net/players/64018852-saa-ivec
1780,Rok Sirk ,2020/2021,KGHM Zagłębie Lubin,330,https://fminside.net/players/62083380-rok-sirk
1784,Guillermo Cotugno ,2020/2021,Śląsk Wrocław,331,https://fminside.net/players/78066752-guillermo-cotugno
1825,Przemyslaw Kapek ,2020/2021,Cracovia,332,https://fminside.net/players/2-fm-22/2000013497-przemyslaw-kapek
1829,Artur Jedrzejczyk ,2020/2021,Legia Warszawa,333,https://fminside.net/players/2-fm-22/54000966-artur-jedrzejczyk
1840,Jakub Kisiel ,2020/2021,Legia Warszawa,334,https://fminside.net/players/2-fm-22/96163952-jakub-kisiel
1843,Daniel Mikolajewski ,2020/2021,Raków Częstochowa,335,https://fminside.net/players/2-fm-22/96109884-daniel-mikolajewski
1852,Jaroslaw Jach ,2020/2021,Raków Częstochowa,336,https://fminside.net/players/2-fm-22/96054428-jaroslaw-jach
2009,Szymon Lewkot ,2020/2021,Śląsk Wrocław,337,https://fminside.net/players/2-fm-22/96124949-szymon-lewkot
2028,Adam Ryczkowski ,2020/2021,Górnik Zabrze,338,https://fminside.net/players/2-fm-22/96059425-adam-ryczkowski
2202,Mario Rodríguez ,2020/2021,Warta Poznań,339,https://fminside.net/players/2-fm-22/67220011-mario-rodriguez
2206,Kajetan Szmyt ,2020/2021,Warta Poznań,340,https://fminside.net/players/96159612-kajetan-szmyt
2209,Konrad Handzlik ,2020/2021,Warta Poznań,341,https://fminside.net/players/96078941-konrad-handzlik
2214,Igor Lewczuk ,2020/2021,Legia Warszawa,342,https://fminside.net/players/2-fm-22/54005591-igor-lewczuk
2216,Domagoj Antolic ,2020/2021,Legia Warszawa,343,https://fminside.net/players/2-fm-22/24003558-domagoj-antolic
2221,Joel Valencia ,2020/2021,Legia Warszawa,344,https://fminside.net/players/2-fm-22/67140945-joel-valencia
2222,Maciej Rosolek ,2020/2021,Legia Warszawa,345,https://fminside.net/players/2-fm-22/96122116-maciej-rosolek
2223,Pawel Stolarski ,2020/2021,Legia Warszawa,346,https://fminside.net/players/2-fm-22/96048127-pawel-stolarski
2226,Cezary Miszta ,2020/2021,Legia Warszawa,347,https://fminside.net/players/2-fm-22/96122113-cezary-miszta
2255,Pavels Steinbors ,2020/2021,Jagiellonia Białystok,348,https://fminside.net/players/2-fm-22/8404400-pavels-teinbors
2268,Andrej Kadlec ,2020/2021,Jagiellonia Białystok,349,https://fminside.net/players/63025711-andrej-kadlec
2270,Martin Polacek ,2020/2021,Podbeskidzie Bielsko - Biała,350,https://fminside.net/players/63024315-martin-polacek
2274,Aleksander Komor ,2020/2021,Podbeskidzie Bielsko - Biała,351,https://fminside.net/players/2-fm-22/96047824-aleksander-komor
2277,Rafal Figiel ,2020/2021,Podbeskidzie Bielsko - Biała,352,https://fminside.net/players/2-fm-22/96018031-rafal-figiel
2279,Karol Danielak ,2020/2021,Podbeskidzie Bielsko - Biała,353,https://fminside.net/players/2-fm-22/96017525-karol-danielak
2281,Bartosz Jaroch ,2020/2021,Podbeskidzie Bielsko - Biała,354,https://fminside.net/players/96041281-bartosz-jaroch
2282,Gergő Kocsis ,2020/2021,Podbeskidzie Bielsko - Biała,355,https://fminside.net/players/38020101-gerg-kocsis
2284,Desley Ubbink ,2020/2021,Podbeskidzie Bielsko - Biała,356,https://fminside.net/players/2-fm-22/37053167-desley-ubbink
2285,Mateusz Marzec ,2020/2021,Podbeskidzie Bielsko - Biała,357,https://fminside.net/players/96109053-mateusz-marzec
2381,Joseph Ceesay ,2020/2021,Lechia Gdańsk,358,https://fminside.net/players/93059608-joseph-ceesay
2390,Michal Kopczynski ,2020/2021,Warta Poznań,359,https://fminside.net/players/2-fm-22/96016285-michal-kopczynski
2565,Krzysztof Toporkiewicz ,2020/2021,Jagiellonia Białystok,360,https://fminside.net/players/96160097-krzysztof-toporkiewicz
2568,Mickey van der Hart ,2020/2021,Lech Poznań,361,https://fminside.net/players/37028399-mickey-van-der-hart
2570,Thomas Rogne ,2020/2021,Lech Poznań,362,https://fminside.net/players/53020851-thomas-rogne
2571,Bartosz Salamon ,2020/2021,Lech Poznań,363,https://fminside.net/players/2-fm-22/43017767-bartosz-salamon
2573,Michal Skoras ,2020/2021,Lech Poznań,364,https://fminside.net/players/96105401-micha-skora
2576,Jan Sykora ,2020/2021,Lech Poznań,365,https://fminside.net/players/25038219-jan-skora
2577,Jesper Karlström ,2020/2021,Lech Poznań,366,https://fminside.net/players/93052050-jesper-karlstrom
2578,Mikael Ishak ,2020/2021,Lech Poznań,367,https://fminside.net/players/2-fm-22/93012226-mikael-ishak
2582,Aron Jóhannsson ,2020/2021,Lech Poznań,368,https://fminside.net/players/2-fm-22/39014438-aron-johannsson
2583,Xavier Dziekonski ,2020/2021,Jagiellonia Białystok,369,https://fminside.net/players/2-fm-22/96160069-xavier-dziekonski
2586,Bojan Nastic ,2020/2021,Jagiellonia Białystok,370,https://fminside.net/players/62070090-bojan-nastic
2589,Fedor Černych ,2020/2021,Jagiellonia Białystok,371,https://fminside.net/players/17012660-fedor-ernych
2592,Bartosz Kwiecien ,2020/2021,Jagiellonia Białystok,372,https://fminside.net/players/2-fm-22/96053482-bartosz-kwiecien
2594,Bartlomiej Wdowik ,2020/2021,Jagiellonia Białystok,373,https://fminside.net/players/2-fm-22/96117657-bartlomiej-wdowik
2598,Tomas Prikryl ,2020/2021,Jagiellonia Białystok,374,https://fminside.net/players/2-fm-22/25022031-toma-prikryl
2890,Daniel Bielica ,2020/2021,Warta Poznań,375,https://fminside.net/players/2-fm-22/96142783-daniel-bielica
2987,Radoslaw Cierzniak ,2020/2021,Legia Warszawa,376,https://fminside.net/players/717633-radosaw-cierzniak
2988,Iñaki Astiz ,2020/2021,Legia Warszawa,377,https://fminside.net/players/2-fm-22/7443559-inaki-astiz
2991,Ariel Mosor ,2020/2021,Legia Warszawa,378,https://fminside.net/players/96145650-ariel-mosor
2992,Radoslaw Cielemecki ,2020/2021,Legia Warszawa,379,https://fminside.net/players/96145652-radosaw-cielemcki
2993,Mateusz Cholewiak ,2020/2021,Legia Warszawa,380,https://fminside.net/players/96025712-mateusz-cholewiak
2997,Szymon Wlodarczyk ,2020/2021,Legia Warszawa,381,https://fminside.net/players/2-fm-22/96143129-szymon-wlodarczyk
2998,William Rémy ,2020/2021,Legia Warszawa,382,https://fminside.net/players/34016263-william-remy
2999,Damian Warchol ,2020/2021,Legia Warszawa,383,https://fminside.net/players/96078126-damian-warchol
3000,Mateusz Grudzinski ,2020/2021,Legia Warszawa,384,https://fminside.net/players/2-fm-22/96115262-mateusz-grudzinski
3010,Pawel Cibicki ,2020/2021,Pogoń Szczecin,385,https://fminside.net/players/2-fm-22/93050462-pawel-cibicki
3132,Ernest Muci ,2020/2021,Legia Warszawa,386,https://www.transfermarkt.pl/ernest-muci/profil/spieler/583917
3139,Jasur Yakhshiboev ,2020/2021,Legia Warszawa,387,https://www.transfermarkt.pl/jasur-yakhshiboev/profil/spieler/493692
3142,Michal Frydrych ,2020/2021,Wisła Kraków,388,https://fminside.net/players/2-fm-22/25019878-michal-frydrych
3143,Souleymane Kone ,2020/2021,Wisła Kraków,389,https://fminside.net/players/59110807-souleymane-kone
3146,Piotr Starzynski ,2020/2021,Wisła Kraków,390,https://fminside.net/players/2-fm-22/2000037468-piotr-starzynski
3150,Konrad Gruszkowski ,2020/2021,Wisła Kraków,391,https://fminside.net/players/2-fm-22/96142662-konrad-gruszkowski
3152,Zan Medved ,2020/2021,Wisła Kraków,392,https://fminside.net/players/62193676-zan-medved
3154,Serafin Szota ,2020/2021,Wisła Kraków,393,https://fminside.net/players/2-fm-22/96086685-serafin-szota
3178,Jakub Bieronski ,2020/2021,Podbeskidzie Bielsko - Biała,394,https://fminside.net/players/2-fm-22/96158885-jakub-bieronski
3179,Petar Mamic ,2020/2021,Podbeskidzie Bielsko - Biała,395,https://fminside.net/players/2-fm-22/24026910-petar-mamic
3181,Jakub Hora ,2020/2021,Podbeskidzie Bielsko - Biała,396,https://fminside.net/players/2-fm-22/2000083130-jakub-hora
3182,Dominik Frelek ,2020/2021,Podbeskidzie Bielsko - Biała,397,https://fminside.net/players/96159128-dominik-frelek
3183,Marco Tulio ,2020/2021,Podbeskidzie Bielsko - Biała,398,https://fminside.net/players/2-fm-22/25055332-marco-tulio
3186,Peter Wilson ,2020/2021,Podbeskidzie Bielsko - Biała,399,https://fminside.net/players/2-fm-22/93054646-peter-wilson
3303,Antonio Milic ,2020/2021,Lech Poznań,400,https://fminside.net/players/2-fm-22/24017820-antonio-milic
3307,Nika Kvekveskiri ,2020/2021,Lech Poznań,401,https://fminside.net/players/2-fm-22/59028004-nika-kvekveskiri
3482,Piotr Malarczyk ,2020/2021,Piast Gliwice,402,https://fminside.net/players/2-fm-22/54003557-piotr-malarczyk
3511,Mario Maloca ,2020/2021,Lechia Gdańsk,403,https://fminside.net/players/2-fm-22/24003760-mario-maloca
3517,Jan Bieganski ,2020/2021,Lechia Gdańsk,404,https://fminside.net/players/2-fm-22/96136809-jan-bieganski
3553,Wojciech Blyszko ,2020/2021,PGE FKS Stal Mielec,405,https://fminside.net/players/2-fm-22/96111094-wojciech-blyszko
3554,Kamil Koscielny ,2020/2021,PGE FKS Stal Mielec,406,https://fminside.net/players/96064141-kamil-koscielny
3562,Pawel Tomczyk ,2020/2021,PGE FKS Stal Mielec,407,https://fminside.net/players/96105979-pawe-tomczyk
3563,Jakub Wrobel ,2020/2021,PGE FKS Stal Mielec,408,https://fminside.net/players/96047212-jakub-wrobel
3564,Martin Sus ,2020/2021,PGE FKS Stal Mielec,409,https://fminside.net/players/2-fm-22/25017044-martin-sus
3580,Daniel Hoyo,2020/2021,Wisła Kraków,410,https://fminside.net/players/2-fm-22/96151509-daniel-hoyo-kowalski
3587,Pawel Zuk ,2020/2021,Wisła Płock,411,https://fminside.net/players/2-fm-22/28116396-pawel-zuk
3595,Maciej Ambrosiewicz ,2020/2021,Wisła Płock,412,https://fminside.net/players/2-fm-22/96113784-maciej-ambrosiewicz
3603,Michal Karbownik ,2020/2021,Legia Warszawa,413,https://fminside.net/players/2-fm-22/96122114-michal-karbownik
3609,José Kanté ,2020/2021,Legia Warszawa,414,https://fminside.net/players/2-fm-22/67179381-jose-kante
3620,Kacper Skibicki ,2020/2021,Legia Warszawa,415,https://fminside.net/players/2-fm-22/96143066-kacper-skibicki
3628,Michal Gliwa ,2020/2021,PGE FKS Stal Mielec,416,https://fminside.net/players/54003281-michal-gliwa
3701,Uros Radakovic ,2020/2021,Wisła Kraków,417,https://fminside.net/players/62075319-uros-radakovic
3708,David Mawutor ,2020/2021,Wisła Kraków,418,https://fminside.net/players/2-fm-22/59070568-david-mawutor
3714,Nikola Kuveljic ,2020/2021,Wisła Kraków,419,https://fminside.net/players/2-fm-22/62235611-nikola-kuveljic
3838,Sebastian Strozik ,2020/2021,Cracovia,420,https://fminside.net/players/96129135-sebastian-strozik
3840,Marcin Budzinski ,2020/2021,Cracovia,421,https://fminside.net/players/54009904-marcin-budziski
3908,Maciej Bortniczuk ,2020/2021,Jagiellonia Białystok,422,https://fminside.net/players/2-fm-22/96161496-maciej-bortniczuk
3941,Filip Laskowski ,2020/2021,Podbeskidzie Bielsko - Biała,423,https://fminside.net/players/96158886-filip-laskowski
3953,Giannis Papanikolaou ,2020/2021,Raków Częstochowa,424,https://fminside.net/players/36125593-giannis-papanikolaou
3955,Sebastian Musiolik ,2020/2021,Raków Częstochowa,425,https://fminside.net/players/2-fm-22/96063056-sebastian-musiolik
3956,Ben Lederman ,2020/2021,Raków Częstochowa,426,https://fminside.net/players/2-fm-22/67247579-ben-lederman
3970,Giorgi Merebashvili ,2020/2021,Wisła Płock,427,https://fminside.net/players/2-fm-22/59000159-giorgi-merebashvili
4017,Wojciech Hajda ,2020/2021,Górnik Zabrze,428,https://fminside.net/players/96125519-wojciech-hajda
4114,Filip Szymczak ,2020/2021,Lech Poznań,429,https://fminside.net/players/2-fm-22/96145475-filip-szymczak
4217,Michal Buchalik ,2020/2021,Wisła Kraków,430,https://fminside.net/players/54008421-michal-buchalik
4258,Konrad Wrzesinski ,2020/2021,Jagiellonia Białystok,431,https://fminside.net/players/96049245-konrad-wrzesinski
4334,Ognjen Gnjatic ,2020/2021,Korona Kielce,432,https://fminside.net/players/95002859-ognjen-gnjatic
4336,Andrés Lioi ,2020/2021,Korona Kielce,433,https://fminside.net/players/14181107-andres-lioi
4341,Dawid Lisowski ,2020/2021,Korona Kielce,434,https://fminside.net/players/2-fm-22/96135461-dawid-lisowski
4343,Luka Maric ,2020/2021,Arka Gdynia,435,https://fminside.net/players/16191358-luka-maric
4344,Adam Danch ,2020/2021,Arka Gdynia,436,https://fminside.net/players/54004103-adam-danch
4345,Adam Marciniak ,2020/2021,Arka Gdynia,437,https://fminside.net/players/54002542-adam-marciniak
4348,Mateusz Mlynski ,2020/2021,Arka Gdynia,438,https://fminside.net/players/2-fm-22/96131477-mateusz-mlynski
4350,Marko Vejinović ,2020/2021,Arka Gdynia,439,https://www.transfermarkt.com/marko-vejinovi%C4%87/profil/spieler/59594
4351,Vinicius Mello ,2020/2021,Arka Gdynia,440,https://fminside.net/players/2-fm-22/2000060326-vinicius-mello
4352,Oskar Zawada ,2020/2021,Arka Gdynia,441,https://fminside.net/players/91128580-oskar-zawada
4353,Jakub Wawszczyk ,2020/2021,Arka Gdynia,442,https://fminside.net/players/96092461-jakub-wawszczyk
4354,Fabian Serrarens ,2020/2021,Arka Gdynia,443,https://fminside.net/players/37023877-fabian-serrarens
4355,Kamil Antonik ,2020/2021,Arka Gdynia,444,https://fminside.net/players/2-fm-22/96144244-kamil-antonik
4372,Kacper Chodyna ,2020/2021,KGHM Zagłębie Lubin,445,https://fminside.net/players/2-fm-22/96086695-kacper-chodyna
4373,Luka Simic ,2020/2021,KGHM Zagłębie Lubin,446,https://fminside.net/players/98054258-luka-simic
4375,Sasa Balic ,2020/2021,KGHM Zagłębie Lubin,447,https://fminside.net/players/2-fm-22/62001497-saa-balic
4451,Mykola Musolitin ,2020/2021,Lechia Gdańsk,448,https://fminside.net/players/71090240-mykola-musolitin
4498,Zlatan Alomerovic ,2020/2021,Lechia Gdańsk,449,https://fminside.net/players/2-fm-22/35011171-zlatan-alomerovic
4725,Cezary Stefanczyk ,2020/2021,Wisła Płock,450,https://fminside.net/players/710834-cezary-stefaczyk
4728,Michal Marcjanik ,2020/2021,Wisła Płock,451,https://fminside.net/players/2-fm-22/96064351-michal-marcjanik
4730,Dominik Furman ,2020/2021,Wisła Płock,452,https://fminside.net/players/2-fm-22/96011097-dominik-furman
4736,Karol Angielski ,2020/2021,Wisła Płock,453,https://fminside.net/players/96052677-karol-angielski
4739,Pawel Bochniewicz ,2020/2021,Górnik Zabrze,454,https://fminside.net/players/2-fm-22/43122975-pawel-bochniewicz
4744,Stavros Vasilantonopoulos ,2020/2021,Górnik Zabrze,455,https://fminside.net/players/2-fm-22/36045554-stavros-vasilantonopoulos
4746,Erik Jirka ,2020/2021,Górnik Zabrze,456,https://fminside.net/players/2-fm-22/63027524-erik-jirka
4747,Georgios Giakoumakis ,2020/2021,Górnik Zabrze,457,https://fminside.net/players/36077389-giorgos-giakoumakis
4750,Igor Angulo ,2020/2021,Górnik Zabrze,458,https://fminside.net/players/7450347-igor-angulo
4779,Nika Kacharava ,2020/2021,Lech Poznań,459,https://fminside.net/players/2-fm-22/58098759-nika-kacharava
4849,Antoni Kozubal ,2020/2021,Lech Poznań,460,https://fminside.net/players/2-fm-22/2000042276-antoni-kozubal
4850,Krystian Palacz ,2020/2021,Lech Poznań,461,https://fminside.net/players/2-fm-22/96159314-krystian-palacz
4870,Maik Nawrocki ,2020/2021,Warta Poznań,462,https://fminside.net/players/2-fm-22/96129436-maik-nawrocki
4880,Bartlomiej Burman ,2020/2021,Warta Poznań,463,https://fminside.net/players/2-fm-22/96121216-bartlomiej-burman
5061,Szymon Stasik ,2020/2021,PGE FKS Stal Mielec,464,https://fminside.net/players/96121457-szymon-stasik
5392,Kacper Sadlocha ,2020/2021,PGE FKS Stal Mielec,465,https://fminside.net/players/96131488-kacper-sadlocha
5397,Damian Oko ,2020/2021,KGHM Zagłębie Lubin,466,https://fminside.net/players/2-fm-22/96115780-damian-oko
5401,Filip Starzynski ,2020/2021,KGHM Zagłębie Lubin,467,https://fminside.net/players/2-fm-22/96027391-filip-starzynski
5406,Karol Podlinski ,2020/2021,KGHM Zagłębie Lubin,468,https://fminside.net/players/2-fm-22/96110295-karol-podlinski
5407,Lukasz Lakomy ,2020/2021,KGHM Zagłębie Lubin,469,https://fminside.net/players/2-fm-22/96128951-lukasz-lakomy
5955,Jakub Osobinski ,2020/2021,Korona Kielce,470,https://fminside.net/players/2-fm-22/96142984-jakub-osobinski
5956,Radoslaw Sewerys ,2020/2021,Korona Kielce,471,https://fminside.net/players/2000007437-radosaw-sewery
5967,Maciej Sowinski ,2020/2021,Korona Kielce,472,https://fminside.net/players/2-fm-22/2000120037-maciej-sowinski
5969,Dawid Arndt ,2020/2021,ŁKS Łódź,473,https://fminside.net/players/2-fm-22/96134888-dawid-arndt
5970,Maciej Dabrowski ,2020/2021,ŁKS Łódź,474,https://fminside.net/players/2-fm-22/96003335-maciej-dabrowski
5971,Adrian Klimczak ,2020/2021,ŁKS Łódź,475,https://fminside.net/players/2-fm-22/96093714-adrian-klimczak
5973,Jan Sobocinski ,2020/2021,ŁKS Łódź,476,https://fminside.net/players/2-fm-22/96111613-jan-sobocinski
5974,Dragoljub Srnic ,2020/2021,ŁKS Łódź,477,https://fminside.net/players/2-fm-22/62042156-dragoljub-srnic
5975,Maksymilian Rozwandowicz ,2020/2021,ŁKS Łódź,478,https://fminside.net/players/96047953-maksymilian-rozwandowicz
5977,Michal Trabka ,2020/2021,ŁKS Łódź,479,https://fminside.net/players/96075516-micha-trbka
5978,Pirulo ,2020/2021,ŁKS Łódź,480,https://fminside.net/players/67148477-pirulo
5980,Lukasz Sekulski ,2020/2021,ŁKS Łódź,481,https://fminside.net/players/2-fm-22/96004894-lukasz-sekulski
5981,Maciej Wolski ,2020/2021,ŁKS Łódź,482,https://fminside.net/players/96079894-maciej-wolski
5982,Carlos Moros ,2020/2021,ŁKS Łódź,483,https://fminside.net/players/93104490-carlos-moros-gracia
6123,Djordje Crnomarkovic ,2020/2021,KGHM Zagłębie Lubin,484,https://fminside.net/players/62095373-djordje-crnomarkovi
6126,Miroslav Stoch ,2020/2021,KGHM Zagłębie Lubin,485,https://fminside.net/players/29000485-miroslav-stoch
6146,Kacper Kostorz ,2020/2021,Legia Warszawa,486,https://fminside.net/players/2-fm-22/96118192-kacper-kostorz
6252,James Rodríguez ,2020/2021,Wisła Płock,487,https://fminside.net/players/2-fm-22/76002390-james-rodriguez
6263,Rafal Wolski ,2020/2021,Wisła Płock,488,https://fminside.net/players/96011096-rafal-wolski
6303,Mateusz Sopocko ,2020/2021,Warta Poznań,489,https://fminside.net/players/2-fm-22/96105933-mateusz-sopocko
6311,Godfrey Bitok Stephen ,2020/2021,Jagiellonia Białystok,490,https://fminside.net/players/17039425-godfrey-bitok-stephen
6798,Uros Korun ,2020/2021,Piast Gliwice,491,https://fminside.net/players/7586876-uros-korun
6802,Tom Hateley ,2020/2021,Piast Gliwice,492,https://fminside.net/players/2-fm-22/28004400-tom-hateley
6806,João Félix ,2020/2021,Piast Gliwice,493,https://fminside.net/players/83169822-joao-felix
6807,Piotr Parzyszek ,2020/2021,Piast Gliwice,494,https://fminside.net/players/37020446-piotr-parzyszek
7011,Szymon Pankiewicz ,2020/2021,Jagiellonia Białystok,495,https://fminside.net/players/2-fm-22/96160056-szymon-pankiewicz
7035,Marcin Kaczmarek ,2020/2021,Raków Częstochowa,496,https://fminside.net/players/717428-marcin-kaczmarek
7043,Damjan Bohar ,2020/2021,KGHM Zagłębie Lubin,497,https://fminside.net/players/64016388-damjan-bohar
7048,Jakub Tosik ,2020/2021,KGHM Zagłębie Lubin,498,https://fminside.net/players/2-fm-22/54003129-jakub-tosik
7049,Dawid Pakulski ,2020/2021,KGHM Zagłębie Lubin,499,https://fminside.net/players/2-fm-22/96119089-dawid-pakulski
7174,Kacper Wachowiak ,2020/2021,Wisła Kraków,500,https://fminside.net/players/2-fm-22/2000014267-kacper-wachowiak
7203,Javier Hyjek ,2020/2021,Piast Gliwice,501,https://fminside.net/players/2-fm-22/67279508-javier-hyjek
7221,Karlo Muhar ,2020/2021,Lech Poznań,502,https://fminside.net/players/24039536-karlo-muhar
7758,David Jablonsky ,2020/2021,Cracovia,503,https://www.transfermarkt.pl/david-jablonsky/profil/spieler/113575
7759,"Ołeksij Dytiatjew – Wikipedia, wolna encyklopedia",2020/2021,Cracovia,504,https://pl.wikipedia.org/wiki/O%C5%82eksij_Dytiatjew
7766,Michal Rakoczy ,2020/2021,Cracovia,505,https://fminside.net/players/2-fm-22/96131409-michal-rakoczy
7770,"Transfery, pogłoski, wartości rynkowe i wiadomości | Transfermarkt",2020/2021,Cracovia,506,https://www.transfermarkt.pl/
7771,Karol Szymanski ,2020/2021,Lech Poznań,507,https://fminside.net/players/2-fm-22/96032456-karol-szymanski
7779,Kamil Józwiak ,2020/2021,Lech Poznań,508,https://fminside.net/players/2-fm-22/96075397-kamil-jozwiak
7781,Christian Gytkjaer ,2020/2021,Lech Poznań,509,https://fminside.net/players/27000596-christian-gytkjr
7784,Timur Zhamaletdinov ,2020/2021,Lech Poznań,510,https://fminside.net/players/58114997-timur-zhamaletdinov
8012,Rafal Leszczynski ,2020/2021,Podbeskidzie Bielsko - Biała,511,https://fminside.net/players/2-fm-22/96029506-rafal-leszczynski
8013,Kornel Osyra ,2020/2021,Podbeskidzie Bielsko - Biała,512,https://fminside.net/players/96029483-kornel-osyra
8259,Kacper Rogozinski ,2020/2021,Wisła Płock,513,https://fminside.net/players/2-fm-22/96135465-kacper-rogozinski
8667,Lukasz Wolsztynski ,2020/2021,Górnik Zabrze,514,https://fminside.net/players/2-fm-22/96103364-lukasz-wolsztynski
8942,Jakub Sypek ,2020/2021,KGHM Zagłębie Lubin,515,https://fminside.net/players/2-fm-22/96162217-jakub-sypek
9128,Iván Martín ,2020/2021,Podbeskidzie Bielsko - Biała,516,https://fminside.net/players/2-fm-22/67258832-ivan-martin
9301,Lukasz Seweryn ,2020/2021,PGE FKS Stal Mielec,517,https://fminside.net/players/1-fm-21/96145137-lukasz-seweryn
9516,Branislav Pindroch ,2020/2021,Raków Częstochowa,518,https://fminside.net/players/2-fm-22/63011774-branislav-pindroch
9573,Rafal Kobryn ,2020/2021,Lechia Gdańsk,519,https://fminside.net/players/2-fm-22/96105942-rafal-kobryn
9583,Egy Maulana Vikri ,2020/2021,Lechia Gdańsk,520,https://fminside.net/players/2-fm-22/41056668-egy-maulana-vikri
9883,Konrad Gutowski ,2020/2021,Podbeskidzie Bielsko - Biała,521,https://fminside.net/players/2-fm-22/96110314-konrad-gutowski
10159,Damian Primel ,2020/2021,PGE FKS Stal Mielec,522,https://fminside.net/players/2-fm-22/96008267-damian-primel
10245,Milosz Mleczko ,2020/2021,Lech Poznań,523,https://fminside.net/players/2-fm-22/96086684-milosz-mleczko
10246,Volodymyr Kostevych ,2020/2021,Lech Poznań,524,https://fminside.net/players/71044370-volodymyr-kostevych
10249,Robert Gumny ,2020/2021,Lech Poznań,525,https://fminside.net/players/2-fm-22/96075390-robert-gumny
10268,Zé Gomes ,2020/2021,Lechia Gdańsk,526,https://fminside.net/players/2-fm-22/83269767-ze-gomes
10479,Mateusz Winciersz ,2020/2021,Piast Gliwice,527,https://fminside.net/players/2-fm-22/96148473-mateusz-winciersz
10492,Marcin Szpakowski ,2020/2021,Śląsk Wrocław,528,https://fminside.net/players/96142656-marcin-szpakowski
11601,Kacper Bieszczad ,2020/2021,KGHM Zagłębie Lubin,529,https://fminside.net/players/96163848-kacper-bieszczad
11916,Frederik Helstrup ,2020/2021,Arka Gdynia,530,https://fminside.net/players/2-fm-22/27053810-frederik-helstrup
11920,Dawid Markiewicz ,2020/2021,Arka Gdynia,531,https://fminside.net/players/2-fm-22/96148894-dawid-markiewicz
11923,Rafal Siemaszko ,2020/2021,Arka Gdynia,532,https://fminside.net/players/2-fm-22/96016793-rafal-siemaszko
12219,Juan Cámara ,2020/2021,Jagiellonia Białystok,533,https://fminside.net/players/77030164-juan-camara
12828,Marcin Wasilewski ,2020/2021,Wisła Kraków,534,https://en.wikipedia.org/wiki/Marcin_Wasilewski
12829,Krzysztof Drzazga ,2020/2021,Wisła Kraków,535,https://fminside.net/players/2-fm-22/96061753-krzysztof-drzazga
12830,Pawel Brozek ,2020/2021,Wisła Kraków,536,https://www.transfermarkt.pl/pawel-brozek/profil/spieler/14909
12831,Kacper Krzepisz ,2020/2021,Arka Gdynia,537,https://fminside.net/players/2-fm-22/96134819-kacper-krzepisz
12834,Daniel Chmielnicki ,2020/2021,Arka Gdynia,538,https://fminside.net/players/96148895-daniel-chmielnicki
12839,Douglas Bergqvist ,2020/2021,Arka Gdynia,539,https://fminside.net/players/2-fm-22/29060631-douglas-bergqvist
12842,Patryk Soboczynski ,2020/2021,Arka Gdynia,540,https://fminside.net/players/2-fm-22/2000018864-patryk-soboczynski
12885,Adrian Lyszczarz ,2020/2021,Śląsk Wrocław,541,https://fminside.net/players/2-fm-22/96108943-adrian-lyszczarz
13101,Szymon Sobczak ,2020/2021,Jagiellonia Białystok,542,https://fminside.net/players/2-fm-22/96018451-szymon-sobczak
13537,Bartlomiej Krecichwost ,2020/2021,Podbeskidzie Bielsko - Biała,543,https://fminside.net/players/2-fm-22/96134700-bartlomiej-krecichwost
13935,Jakub Gut ,2020/2021,Cracovia,544,https://fminside.net/players/2000037399-jakub-gut
14645,Bartlomiej Mruk ,2020/2021,Pogoń Szczecin,545,https://fminside.net/players/2-fm-22/96149401-bartlomiej-mruk
14936,Kacper Urbanski ,2020/2021,Lechia Gdańsk,546,https://fminside.net/players/2-fm-22/96161950-kacper-urbanski
15634,Arkadiusz Malarz ,2020/2021,ŁKS Łódź,547,https://fminside.net/players/1-fm-21/714121-arkadiusz-malarz
15644,Samuel Corral ,2020/2021,ŁKS Łódź,548,https://fminside.net/players/67155728-samu-corral
15645,Przemyslaw Sajdak ,2020/2021,ŁKS Łódź,549,https://fminside.net/players/2-fm-22/96141742-przemyslaw-sajdak
15646,Alexander Domínguez ,2020/2021,ŁKS Łódź,550,https://fminside.net/players/2-fm-22/80000436-alexander-dominguez
15736,Kamil Pestka ,2020/2021,Cracovia,551,https://www.transfermarkt.pl/kamil-pestka/profil/spieler/384482
15737,Michal Helik ,2020/2021,Cracovia,552,https://fminside.net/players/2-fm-22/96047830-michal-helik
15859,Milosz Matysik ,2020/2021,Jagiellonia Białystok,553,https://fminside.net/players/2-fm-22/2000045437-milosz-matysik
16077,Guima ,2020/2021,ŁKS Łódź,554,https://fminside.net/players/83107368-guima
17731,Filip Koperski ,2020/2021,Lechia Gdańsk,555,https://fminside.net/players/2-fm-22/2000036459-filip-koperski
18530,Norbert Paclawski ,2020/2021,Lech Poznań,556,https://fminside.net/players/2-fm-22/2000038808-norbert-paclawski
18938,Wojciech Muzyk ,2020/2021,Legia Warszawa,557,https://fminside.net/players/96114038-wojciech-muzyk
18963,Ricardo Nunes ,2020/2021,Pogoń Szczecin,558,https://fminside.net/players/744631-ricardo-nunes
20094,Myroslav Mazur ,2020/2021,Jagiellonia Białystok,559,https://fminside.net/players/2-fm-22/71111609-myroslav-mazur
20175,Filip Dymerski ,2020/2021,Lechia Gdańsk,560,https://fminside.net/players/2-fm-22/96129466-filip-dymerski
20659,Maciej Twarowski ,2020/2021,Jagiellonia Białystok,561,https://fminside.net/players/96154410-maciej-twarowski
21024,Piotr Pierzchala ,2020/2021,Korona Kielce,562,https://fminside.net/players/2-fm-22/96141687-piotr-pierzchala
21033,Michal Papadopulos ,2020/2021,Korona Kielce,563,https://fminside.net/players/5643691-michal-papadopulos
21035,Jakub Gorski ,2020/2021,Korona Kielce,564,https://fminside.net/players/2-fm-22/96162815-jakub-gorski
21398,Przemyslaw Oziebala ,2020/2021,Raków Częstochowa,565,https://fminside.net/players/2-fm-22/54002966-przemyslaw-oziebala
22274,Jakub Witek ,2020/2021,Wisła Płock,566,https://fminside.net/players/2-fm-22/2000047804-jakub-witek
22275,Bartlomiej Sielewski ,2020/2021,Wisła Płock,567,https://fminside.net/players/1-fm-21/54014737-bartomiej-sielewski
22276,Mikolaj Kwietniewski ,2020/2021,Wisła Płock,568,https://fminside.net/players/2-fm-22/29162926-mikolaj-kwietniewski
22323,Ruslan Babenko ,2020/2021,Raków Częstochowa,569,https://fminside.net/players/2-fm-22/71023097-ruslan-babenko
22608,Przemyslaw Maj ,2020/2021,PGE FKS Stal Mielec,570,https://fminside.net/players/2-fm-22/2000031079-przemyslaw-maj
22963,Szymon Matuszek ,2020/2021,Górnik Zabrze,571,https://fminside.net/players/2-fm-22/67030704-szymon-matuszek
22971,Konrad Forenc ,2020/2021,KGHM Zagłębie Lubin,572,https://fminside.net/players/2-fm-22/96010287-konrad-forenc
22981,Bartosz Bialek ,2020/2021,KGHM Zagłębie Lubin,573,https://fminside.net/players/2-fm-22/96131663-bartosz-bialek
