,Player Name,Season,Team Name,Fminside Link
0,Mateusz Lis ,2020/2021,Wisła Kraków,https://fminside.net/players/2-fm-22/96075388-mateusz-lis
1,Lukas Klemenz ,2020/2021,Wisła Kraków,https://fminside.net/players/2-fm-22/96054982-lukas-klemenz
2,David Niepsuj ,2020/2021,Wisła Kraków,https://fminside.net/players/2-fm-22/91142977-david-niepsuj
3,Rafal Janicki ,2020/2021,Wisła Kraków,https://fminside.net/players/2-fm-22/96017945-rafal-janicki
4,Maciej Sadlok ,2020/2021,Wisła Kraków,https://fminside.net/players/2-fm-22/54007366-maciej-sadlok
5,Kamil Wojtkowski ,2020/2021,Wisła Kraków,https://fminside.net/players/2-fm-22/96080078-kamil-wojtkowski
6,Chuca ,2020/2021,Wisła Kraków,https://fminside.net/players/2-fm-22/67227812-chuca
7,Rafal Boguski ,2020/2021,Wisła Kraków,https://fminside.net/players/2-fm-22/721140-rafal-boguski
8,Mateusz Holownia ,2020/2021,Wisła Kraków,https://fminside.net/players/2-fm-22/96067536-mateusz-holownia
9,Vullnet Basha ,2020/2021,Wisła Kraków,https://fminside.net/players/2-fm-22/69002759-vullnet-basha
10,Alon Turgeman ,2020/2021,Wisła Kraków,https://fminside.net/players/2-fm-22/42022993-alon-turgeman
11,Adam Buksa ,2020/2021,Wisła Kraków,https://fminside.net/players/2-fm-22/96055358-adam-buksa
12,Dariusz Pawlowski ,2020/2021,Wisła Kraków,https://fminside.net/players/2-fm-22/96113781-dariusz-pawlowski
13,Lubomir Tupta ,2020/2021,Wisła Kraków,https://fminside.net/players/2-fm-22/43206262-lubomir-tupta
14,Marek Koziol ,2020/2021,Korona Kielce,https://fminside.net/players/2-fm-22/96008867-marek-koziol
15,Michael Gardawski ,2020/2021,Korona Kielce,https://fminside.net/players/2-fm-22/35014356-michael-gardawski
16,Adnan Kovacevic ,2020/2021,Korona Kielce,https://fminside.net/players/2-fm-22/62076853-adnan-kovacevic
17,Themistoklis Tzimopoulos ,2020/2021,Korona Kielce,https://fminside.net/players/2-fm-22/690943-themistoklis-tzimopoulos
18,Grzegorz Szymusik ,2020/2021,Korona Kielce,https://fminside.net/players/2-fm-22/96092190-grzegorz-szymusik
19,Petteri Forsell ,2020/2021,Korona Kielce,https://fminside.net/players/2-fm-22/33004450-petteri-forsell
20,Jakub Zubrowski ,2020/2021,Korona Kielce,https://fminside.net/players/2-fm-22/96029283-jakub-zubrowski
21,Daniel Szelagowski ,2020/2021,Korona Kielce,https://fminside.net/players/2-fm-22/96159204-daniel-szelagowski
22,Marcin Cebula ,2020/2021,Korona Kielce,https://fminside.net/players/2-fm-22/96047865-marcin-cebula
23,Milan Radin ,2020/2021,Korona Kielce,https://fminside.net/players/2-fm-22/62073136-milan-radin
24,Jakub Kielb ,2020/2021,Korona Kielce,https://fminside.net/players/2-fm-22/96025073-jakub-kielb
25,Iwo Kaczmarski ,2020/2021,Korona Kielce,https://fminside.net/players/2-fm-22/2000012809-iwo-kaczmarski
26,Wiktor Dlugosz ,2020/2021,Korona Kielce,https://fminside.net/players/2-fm-22/96117528-wiktor-dlugosz
27,Mateusz Spychala ,2020/2021,Korona Kielce,https://fminside.net/players/2-fm-22/96075389-mateusz-spychala
28,Krzysztof Kaminski ,2020/2021,Wisła Płock,https://fminside.net/players/2-fm-22/2000047409-krzysztof-kaminski
29,Alan Uryga ,2020/2021,Wisła Płock,https://fminside.net/players/2-fm-22/96016172-alan-uryga
30,Jakub Rzezniczak ,2020/2021,Wisła Płock,https://fminside.net/players/2-fm-22/717396-jakub-rzezniczak
31,Kristian Vallo ,2020/2021,Wisła Płock,https://fminside.net/players/2-fm-22/63029352-kristian-vallo
32,Ángel García ,2020/2021,Wisła Płock,https://fminside.net/players/2-fm-22/51075435-angel-garcia
33,Mateusz Szwoch ,2020/2021,Wisła Płock,https://fminside.net/players/2-fm-22/96048606-mateusz-szwoch
34,Filip Lesniak ,2020/2021,Wisła Płock,https://fminside.net/players/2-fm-22/28088511-filip-lesniak
35,Dawid Kocyla ,2020/2021,Wisła Płock,https://fminside.net/players/2-fm-22/96150940-dawid-kocyla
36,Hubert Adamczyk ,2020/2021,Wisła Płock,https://fminside.net/players/2-fm-22/28100044-hubert-adamczyk
37,Damian Rasak ,2020/2021,Wisła Płock,https://fminside.net/players/2-fm-22/96052943-damian-rasak
38,Patryk Tuszynski ,2020/2021,Wisła Płock,https://fminside.net/players/2-fm-22/96000017-patryk-tuszynski
39,Michal Lewandowski ,2020/2021,Wisła Płock,https://fminside.net/players/2-fm-22/43206211-michal-lewandowski
40,Dusan Lagator ,2020/2021,Wisła Płock,https://fminside.net/players/2-fm-22/62108811-duan-lagator
41,Piotr Tomasik ,2020/2021,Wisła Płock,https://fminside.net/players/2-fm-22/54005708-piotr-tomasik
42,Luka Susnjara ,2020/2021,Wisła Płock,https://fminside.net/players/2-fm-22/62154504-luka-susnjara
43,Frantisek Plach ,2020/2021,Piast Gliwice,https://fminside.net/players/2-fm-22/63012904-frantiek-plach
44,Bartosz Rymaniak ,2020/2021,Piast Gliwice,https://fminside.net/players/2-fm-22/54010658-bartosz-rymaniak
45,Tomas Huk ,2020/2021,Piast Gliwice,https://fminside.net/players/2-fm-22/63023509-toma-huk
46,Jakub Czerwinski ,2020/2021,Piast Gliwice,https://fminside.net/players/2-fm-22/43020394-jakub-czerwinski
47,Martin Konczkowski ,2020/2021,Piast Gliwice,https://fminside.net/players/2-fm-22/96027379-martin-konczkowski
48,Gerard Badía ,2020/2021,Piast Gliwice,https://fminside.net/players/2-fm-22/67062976-gerard-badia
49,Michal Chrapek ,2020/2021,Piast Gliwice,https://fminside.net/players/2-fm-22/96007971-michal-chrapek
50,Tomasz Jodlowiec ,2020/2021,Piast Gliwice,https://fminside.net/players/2-fm-22/718133-tomasz-jodlowiec
51,Arkadiusz Pyrka ,2020/2021,Piast Gliwice,https://fminside.net/players/2-fm-22/96143927-arkadiusz-pyrka
52,Patryk Sokolowski ,2020/2021,Piast Gliwice,https://fminside.net/players/2-fm-22/96044634-patryk-sokolowski
53,Jakub Swierczok ,2020/2021,Piast Gliwice,https://fminside.net/players/2-fm-22/96010067-jakub-wierczok
54,Patryk Lipski ,2020/2021,Piast Gliwice,https://fminside.net/players/2-fm-22/96047826-patryk-lipski
55,Kristopher Vida ,2020/2021,Piast Gliwice,https://fminside.net/players/2-fm-22/37043826-kristopher-vida
56,Michal Zyro ,2020/2021,Piast Gliwice,https://fminside.net/players/2-fm-22/54016016-michal-zyro
57,Dominik Steczyk ,2020/2021,Piast Gliwice,https://fminside.net/players/2-fm-22/96081909-dominik-steczyk
58,Rafal Straczek ,2020/2021,PGE FKS Stal Mielec,https://fminside.net/players/2-fm-22/96110738-rafal-straczek
59,Marcin Flis ,2020/2021,PGE FKS Stal Mielec,https://fminside.net/players/2-fm-22/96021901-marcin-flis
61,Jonathan de Amo ,2020/2021,PGE FKS Stal Mielec,https://fminside.net/players/2-fm-22/67092520-jonathan-de-amo
62,Krystian Getinger ,2020/2021,PGE FKS Stal Mielec,https://fminside.net/players/2-fm-22/54008646-krystian-getinger
63,Grzegorz Tomasiewicz ,2020/2021,PGE FKS Stal Mielec,https://fminside.net/players/2-fm-22/96032629-grzegorz-tomasiewicz
64,Mateusz Matras ,2020/2021,PGE FKS Stal Mielec,https://fminside.net/players/2-fm-22/96027318-mateusz-matras
65,Maciej Urbanczyk ,2020/2021,PGE FKS Stal Mielec,https://fminside.net/players/2-fm-22/96047822-maciej-urbaczyk
66,Albin Granlund ,2020/2021,PGE FKS Stal Mielec,https://fminside.net/players/2-fm-22/33012453-albin-granlund
67,Maciej Domanski ,2020/2021,PGE FKS Stal Mielec,https://fminside.net/players/2-fm-22/96011267-maciej-domanski
68,Robert Dadok ,2020/2021,PGE FKS Stal Mielec,https://fminside.net/players/2-fm-22/96083424-robert-dadok
69,Aleksandar Kolev ,2020/2021,PGE FKS Stal Mielec,https://fminside.net/players/2-fm-22/18056527-aleksandar-kolev
70,Andreja Prokić ,2020/2021,PGE FKS Stal Mielec,https://fminside.net/players/2-fm-22/96021109-andreja-proki
71,Michal Mak ,2020/2021,PGE FKS Stal Mielec,https://fminside.net/players/2-fm-22/96016057-michal-mak
72,Dante Stipica ,2020/2021,Pogoń Szczecin,https://fminside.net/players/2-fm-22/24003768-dante-stipica
73,Luís Mata ,2020/2021,Pogoń Szczecin,https://fminside.net/players/2-fm-22/55070306-luis-mata
75,Mariusz Malec ,2020/2021,Pogoń Szczecin,https://fminside.net/players/2-fm-22/96083082-mariusz-malec
76,Jakub Bartkowski ,2020/2021,Pogoń Szczecin,https://fminside.net/players/2-fm-22/96018179-jakub-bartkowski
77,Damian Dabrowski ,2020/2021,Pogoń Szczecin,https://fminside.net/players/2-fm-22/96018531-damian-dabrowski
78,Sebastian Kowalczyk ,2020/2021,Pogoń Szczecin,https://fminside.net/players/2-fm-22/96104760-sebastian-kowalczyk
79,Rafal Kurzawa ,2020/2021,Pogoń Szczecin,https://fminside.net/players/2-fm-22/96026542-rafal-kurzawa
80,Michal Kucharczyk ,2020/2021,Pogoń Szczecin,https://fminside.net/players/2-fm-22/96003382-micha-kucharczyk
81,Kamil Drygas ,2020/2021,Pogoń Szczecin,https://fminside.net/players/2-fm-22/96010344-kamil-drygas
82,Adrian Benedyczak ,2020/2021,Pogoń Szczecin,https://fminside.net/players/2-fm-22/96114107-adrian-benedyczak
83,Kacper Smolinski ,2020/2021,Pogoń Szczecin,https://fminside.net/players/2-fm-22/96137873-kacper-smolinski
84,Tomás Podstawski ,2020/2021,Pogoń Szczecin,https://fminside.net/players/2-fm-22/55038682-tomas-podstawski
85,Luka Zahovic ,2020/2021,Pogoń Szczecin,https://fminside.net/players/2-fm-22/62094092-luka-zahovic
86,Santeri Hostikka ,2020/2021,Pogoń Szczecin,https://fminside.net/players/2-fm-22/33064225-santeri-hostikka
87,Mariusz Fornalczyk ,2020/2021,Pogoń Szczecin,https://fminside.net/players/2-fm-22/96162899-mariusz-fornalczyk
88,Matus Putnocky ,2020/2021,Śląsk Wrocław,https://fminside.net/players/2-fm-22/7562341-matu-putnock
89,Lubambo Musonda ,2020/2021,Śląsk Wrocław,https://fminside.net/players/2-fm-22/59092467-lubambo-musonda
90,Israel Puerto ,2020/2021,Śląsk Wrocław,https://fminside.net/players/2-fm-22/67156529-israel-puerto
91,Dino Stiglec ,2020/2021,Śląsk Wrocław,https://fminside.net/players/2-fm-22/24004748-dino-tiglec
92,Márk Tamás ,2020/2021,Śląsk Wrocław,https://fminside.net/players/2-fm-22/38037189-mark-tamas
93,Diego Zivulic ,2020/2021,Śląsk Wrocław,https://fminside.net/players/2-fm-22/24018458-diego-ivuli
94,Filip Markovic ,2020/2021,Śląsk Wrocław,https://fminside.net/players/2-fm-22/62060598-filip-markovic
95,Jakub Labojko ,2020/2021,Śląsk Wrocław,https://fminside.net/players/2-fm-22/96115997-jakub-labojko
96,Robert Pich ,2020/2021,Śląsk Wrocław,https://fminside.net/players/2-fm-22/63010759-robert-pich
97,Przemyslaw Placheta ,2020/2021,Śląsk Wrocław,https://fminside.net/players/2-fm-22/96088106-przemyslaw-placheta
98,Erik Expósito ,2020/2021,Śląsk Wrocław,https://fminside.net/players/2-fm-22/67229636-erik-exposito
99,Sebastian Bergier ,2020/2021,Śląsk Wrocław,https://fminside.net/players/2-fm-22/96113145-sebastian-bergier
100,Kamil Dankowski ,2020/2021,Śląsk Wrocław,https://fminside.net/players/2-fm-22/96053730-kamil-dankowski
101,Damian Gaska ,2020/2021,Śląsk Wrocław,https://fminside.net/players/2-fm-22/96102703-damian-gaska
102,Hubert Matynia ,2020/2021,Pogoń Szczecin,https://fminside.net/players/2-fm-22/96080076-hubert-matynia
103,Benedikt Zech ,2020/2021,Pogoń Szczecin,https://fminside.net/players/2-fm-22/16024102-benedikt-zech
104,Marcin Listkowski ,2020/2021,Pogoń Szczecin,https://fminside.net/players/2-fm-22/96088213-marcin-listkowski
105,Adam Fraczczak ,2020/2021,Pogoń Szczecin,https://fminside.net/players/2-fm-22/54002026-adam-fraczczak
106,Hubert Turski ,2020/2021,Pogoń Szczecin,https://fminside.net/players/2-fm-22/96142651-hubert-turski
107,Maciej Zurawski ,2020/2021,Pogoń Szczecin,https://fminside.net/players/2-fm-22/96115556-maciej-zurawski
108,Dominik Holec ,2020/2021,Raków Częstochowa,https://fminside.net/players/2-fm-22/63024015-dominik-holec
109,Zoran Arsenic ,2020/2021,Raków Częstochowa,https://fminside.net/players/2-fm-22/24042681-zoran-arsenic
110,Andrzej Niewulis ,2020/2021,Raków Częstochowa,https://fminside.net/players/2-fm-22/96003825-andrzej-niewulis
111,Kamil Piatkowski ,2020/2021,Raków Częstochowa,https://fminside.net/players/2-fm-22/96131647-kamil-pitkowski
112,Patryk Kun ,2020/2021,Raków Częstochowa,https://fminside.net/players/2-fm-22/96063635-patryk-kun
113,David Tijanic ,2020/2021,Raków Częstochowa,https://fminside.net/players/2-fm-22/62154498-david-tijani
114,Ivi López ,2020/2021,Raków Częstochowa,https://fminside.net/players/2-fm-22/67179125-ivi-lopez
115,Fran Tudor ,2020/2021,Raków Częstochowa,https://fminside.net/players/2-fm-22/36096934-fran-tudor
116,Marko Poletanovic ,2020/2021,Raków Częstochowa,https://fminside.net/players/2-fm-22/62060482-marko-poletanovic
117,Vladislavs Gutkovskis ,2020/2021,Raków Częstochowa,https://fminside.net/players/2-fm-22/47023317-vladislavs-gutkovskis
118,Mateusz Wdowiak ,2020/2021,Raków Częstochowa,https://fminside.net/players/2-fm-22/96046911-mateusz-wdowiak
119,Petr Schwarz ,2020/2021,Raków Częstochowa,https://fminside.net/players/2-fm-22/25034136-petr-schwarz
120,Jakub Arak ,2020/2021,Raków Częstochowa,https://fminside.net/players/2-fm-22/96027100-jakub-arak
121,Tomasz Mokwa ,2020/2021,Piast Gliwice,https://fminside.net/players/2-fm-22/96048676-tomasz-mokwa
122,Tiago Alves ,2020/2021,Piast Gliwice,https://fminside.net/players/2-fm-22/83108070-tiago-alves
123,Filip Bednarek ,2020/2021,Lech Poznań,https://fminside.net/players/2-fm-22/168244-filip-bednarek
124,Bogdan Butko ,2020/2021,Lech Poznań,https://fminside.net/players/2-fm-22/71006567-bogdan-butko
125,Tomasz Dejewski ,2020/2021,Lech Poznań,https://fminside.net/players/2-fm-22/96049067-tomasz-dejewski
128,Jakub Moder ,2020/2021,Lech Poznań,https://fminside.net/players/2-fm-22/96086697-jakub-moder
129,Pedro Tiba ,2020/2021,Lech Poznań,https://fminside.net/players/2-fm-22/55013997-pedro-tiba
130,Dani Ramírez ,2020/2021,Lech Poznań,https://fminside.net/players/2-fm-22/67156427-dani-ramirez
131,Jakub Kaminski ,2020/2021,Lech Poznań,https://fminside.net/players/2-fm-22/96121228-jakub-kamiski
132,Tymoteusz Puchacz ,2020/2021,Lech Poznań,https://fminside.net/players/2-fm-22/96086694-tymoteusz-puchacz
133,Mohammad Awwad ,2020/2021,Lech Poznań,https://fminside.net/players/2-fm-22/42068780-muhammad-awwad
134,Alan Czerwinski ,2020/2021,Lech Poznań,https://fminside.net/players/2-fm-22/96048932-alan-czerwinski
135,Hubert Sobol ,2020/2021,Lech Poznań,https://fminside.net/players/2-fm-22/96105329-hubert-sobol
136,Filip Marchwinski ,2020/2021,Lech Poznań,https://fminside.net/players/2-fm-22/96116988-filip-marchwinski
137,Lukasz Burliga ,2020/2021,Wisła Kraków,https://fminside.net/players/2-fm-22/54004036-lukasz-burliga
138,Dawid Szot ,2020/2021,Wisła Kraków,https://fminside.net/players/2-fm-22/96142663-dawid-szot
139,Adi Mehremic ,2020/2021,Wisła Kraków,https://fminside.net/players/2-fm-22/21020914-adi-mehremic
140,Stefan Savic ,2020/2021,Wisła Kraków,https://fminside.net/players/2-fm-22/62012567-stefan-savic
141,Patryk Plewka ,2020/2021,Wisła Kraków,https://fminside.net/players/2-fm-22/96108638-patryk-plewka
142,Georgi Zhukov ,2020/2021,Wisła Kraków,https://fminside.net/players/2-fm-22/18060344-georgii-zhukov
143,Jonathan Silva ,2020/2021,Wisła Kraków,https://fminside.net/players/2-fm-22/19350832-jonathan-silva
144,Yaw Yeboah ,2020/2021,Wisła Kraków,https://fminside.net/players/2-fm-22/13158403-yaw-yeboah
145,Felicio Brown Forbes ,2020/2021,Wisła Kraków,https://fminside.net/players/2-fm-22/91018523-felicio-brown-forbes
146,Jakub Blaszczykowski ,2020/2021,Wisła Kraków,https://fminside.net/players/2-fm-22/719793-jakub-blaszczykowski
147,Dawid Abramowicz ,2020/2021,Wisła Kraków,https://fminside.net/players/2-fm-22/96018213-dawid-abramowicz
148,Fatos Beqiraj ,2020/2021,Wisła Kraków,https://fminside.net/players/2-fm-22/62028960-fatos-beciraj
149,Mariusz Pawelec ,2020/2021,Śląsk Wrocław,https://fminside.net/players/2-fm-22/717425-mariusz-pawelec
150,Piotr Celeban ,2020/2021,Śląsk Wrocław,https://fminside.net/players/2-fm-22/717757-piotr-celeban
151,Wojciech Golla ,2020/2021,Śląsk Wrocław,https://fminside.net/players/2-fm-22/96001405-wojciech-golla
152,Waldemar Sobota ,2020/2021,Śląsk Wrocław,https://fminside.net/players/2-fm-22/96000016-waldemar-sobota
153,Mateusz Praszelik ,2020/2021,Śląsk Wrocław,https://fminside.net/players/2-fm-22/96105431-mateusz-praszelik
154,Fabian Piasecki ,2020/2021,Śląsk Wrocław,https://fminside.net/players/2-fm-22/96062299-fabian-piasecki
155,Mathieu Scalet ,2020/2021,Śląsk Wrocław,https://fminside.net/players/2-fm-22/96090746-mathieu-scalet
156,Maciej Palaszewski ,2020/2021,Śląsk Wrocław,https://fminside.net/players/2-fm-22/96079301-maciej-palaszewski
157,Piotr Samiec,2020/2021,Śląsk Wrocław,https://fminside.net/players/2-fm-22/96137843-piotr-samiec-talar
158,Przemyslaw Bargiel ,2020/2021,Śląsk Wrocław,https://fminside.net/players/2-fm-22/96103898-przemyslaw-bargiel
159,Artur Boruc ,2020/2021,Legia Warszawa,https://fminside.net/players/2-fm-22/713854-artur-boruc
160,Mateusz Wieteska ,2020/2021,Legia Warszawa,https://fminside.net/players/2-fm-22/96059426-mateusz-wieteska
161,Artem Shabanov ,2020/2021,Legia Warszawa,https://fminside.net/players/2-fm-22/71031648-artem-shabanov
162,Josip Juranovic ,2020/2021,Legia Warszawa,https://fminside.net/players/2-fm-22/24047634-josip-juranovic
163,Bartosz Kapustka ,2020/2021,Legia Warszawa,https://fminside.net/players/2-fm-22/96049729-bartosz-kapustka
164,Bartosz Slisz ,2020/2021,Legia Warszawa,https://fminside.net/players/2-fm-22/96111188-bartosz-slisz
165,Filip Mladenovic ,2020/2021,Legia Warszawa,https://fminside.net/players/2-fm-22/62025449-filip-mladenovic
166,Luquinhas ,2020/2021,Legia Warszawa,https://fminside.net/players/2-fm-22/84109364-luquinhas
167,André Martins ,2020/2021,Legia Warszawa,https://fminside.net/players/2-fm-22/55009957-andre-martins
168,Pawel Wszolek ,2020/2021,Legia Warszawa,https://fminside.net/players/2-fm-22/96008522-pawel-wszolek
169,Rafa Lopes ,2020/2021,Legia Warszawa,https://fminside.net/players/2-fm-22/83253993-rafa-lopes
170,Valeriane Gvilia ,2020/2021,Legia Warszawa,https://fminside.net/players/2-fm-22/71072151-valeriane-gvilia
171,Tomas Pekhart ,2020/2021,Legia Warszawa,https://fminside.net/players/2-fm-22/28005831-toma-pekhart
172,Adrian Lis ,2020/2021,Warta Poznań,https://fminside.net/players/2-fm-22/96010249-adrian-lis
173,Aleks Lawniczak ,2020/2021,Warta Poznań,https://fminside.net/players/2-fm-22/96145161-aleks-lawniczak
174,Robert Ivanov ,2020/2021,Warta Poznań,https://fminside.net/players/2-fm-22/33061077-robert-ivanov
175,Jan Grzesik ,2020/2021,Warta Poznań,https://fminside.net/players/2-fm-22/96061692-jan-grzesik
176,Makana Baku ,2020/2021,Warta Poznań,https://fminside.net/players/2-fm-22/92091314-makana-baku
177,Mateusz Kupczak ,2020/2021,Warta Poznań,https://fminside.net/players/2-fm-22/96018070-mateusz-kupczak
178,Mateusz Czyzycki ,2020/2021,Warta Poznań,https://fminside.net/players/2-fm-22/96106614-mateusz-czyzycki
179,Mateusz Kuzimski ,2020/2021,Warta Poznań,https://fminside.net/players/2-fm-22/96031407-mateusz-kuzimski
180,Adam Zrelak ,2020/2021,Warta Poznań,https://fminside.net/players/2-fm-22/63025549-adam-zrelak
181,Mariusz Rybicki ,2020/2021,Warta Poznań,https://fminside.net/players/2-fm-22/96031067-mariusz-rybicki
182,Bartosz Kieliba ,2020/2021,Warta Poznań,https://fminside.net/players/2-fm-22/96009325-bartosz-kieliba
183,Jakub Kuzdra ,2020/2021,Warta Poznań,https://fminside.net/players/2-fm-22/96086516-jakub-kuzdra
184,Michal Jakobowski ,2020/2021,Warta Poznań,https://fminside.net/players/2-fm-22/96032463-michal-jakobowski
185,Lukasz Tralka ,2020/2021,Warta Poznań,https://fminside.net/players/2-fm-22/717766-lukasz-tralka
186,Gracjan Jaroch ,2020/2021,Warta Poznań,https://fminside.net/players/2-fm-22/96104764-gracjan-jaroch
187,Adrian Laskowski ,2020/2021,Warta Poznań,https://fminside.net/players/2-fm-22/96018159-adrian-laskowski
188,Dusan Kuciak ,2020/2021,Lechia Gdańsk,https://fminside.net/players/2-fm-22/7560127-duan-kuciak
189,Karol Fila ,2020/2021,Lechia Gdańsk,https://fminside.net/players/2-fm-22/96093091-karol-fila
190,Michal Nalepa ,2020/2021,Lechia Gdańsk,https://fminside.net/players/2-fm-22/96064350-michal-nalepa
191,Bartosz Kopacz ,2020/2021,Lechia Gdańsk,https://fminside.net/players/2-fm-22/96007386-bartosz-kopacz
192,Rafal Pietrzak ,2020/2021,Lechia Gdańsk,https://fminside.net/players/2-fm-22/54008755-rafal-pietrzak
193,Jaroslav Mihalik ,2020/2021,Lechia Gdańsk,https://fminside.net/players/2-fm-22/63013144-jaroslav-mihalik
194,Maciej Gajos ,2020/2021,Lechia Gdańsk,https://fminside.net/players/2-fm-22/96002753-maciej-gajos
195,Jaroslaw Kubicki ,2020/2021,Lechia Gdańsk,https://fminside.net/players/2-fm-22/96052624-jaroslaw-kubicki
196,Tomasz Makowski ,2020/2021,Lechia Gdańsk,https://fminside.net/players/2-fm-22/96093081-tomasz-makowski
197,Flávio Paixão ,2020/2021,Lechia Gdańsk,https://fminside.net/players/2-fm-22/67039209-flavio-paixao
198,Lukasz Zwolinski ,2020/2021,Lechia Gdańsk,https://fminside.net/players/2-fm-22/96032774-lukasz-zwolinski
199,Jakub Kaluzinski ,2020/2021,Lechia Gdańsk,https://fminside.net/players/2-fm-22/96132920-jakub-kaluzinski
200,Zarko Udovicic ,2020/2021,Lechia Gdańsk,https://fminside.net/players/2-fm-22/62013679-arko-udovicic
201,Omran Haydary ,2020/2021,Lechia Gdańsk,https://fminside.net/players/2-fm-22/37073812-omran-haydary
202,Mikkel Kirkeskov ,2020/2021,Piast Gliwice,https://fminside.net/players/2-fm-22/27013698-mikkel-kirkeskov
203,Sebastian Milewski ,2020/2021,Piast Gliwice,https://fminside.net/players/2-fm-22/96090581-sebastian-milewski
204,Jakub Holubek ,2020/2021,Piast Gliwice,https://fminside.net/players/2-fm-22/63011025-jakub-holubek
205,Damian Zbozien ,2020/2021,Wisła Płock,https://fminside.net/players/2-fm-22/54003779-damian-zbozien
206,Milan Obradovic ,2020/2021,Wisła Płock,https://fminside.net/players/2-fm-22/62163525-milan-obradovi
207,Piotr Pyrdol ,2020/2021,Wisła Płock,https://fminside.net/players/2-fm-22/96111616-piotr-pyrdol
208,Cillian Sheridan ,2020/2021,Wisła Płock,https://fminside.net/players/2-fm-22/155141-cillian-sheridan
209,Torgil Gjertsen ,2020/2021,Wisła Płock,https://fminside.net/players/2-fm-22/53029798-torgil-gjertsen
210,Airam Cabrera ,2020/2021,Wisła Płock,https://fminside.net/players/2-fm-22/67062196-airam-cabrera
211,Jakub Szumski ,2020/2021,Raków Częstochowa,https://fminside.net/players/2-fm-22/96009983-jakub-szumski
212,Maciej Wilusz ,2020/2021,Raków Częstochowa,https://fminside.net/players/2-fm-22/37005764-maciej-wilusz
213,Tomas Petrasek ,2020/2021,Raków Częstochowa,https://fminside.net/players/2-fm-22/25044947-toma-petraek
214,Igor Sapala ,2020/2021,Raków Częstochowa,https://fminside.net/players/2-fm-22/96100294-igor-sapala
215,Daniel Bartl ,2020/2021,Raków Częstochowa,https://fminside.net/players/2-fm-22/25020643-daniel-bartl
216,Piotr Malinowski ,2020/2021,Raków Częstochowa,https://fminside.net/players/2-fm-22/54004105-piotr-malinowski
217,Damian Michalski ,2020/2021,Wisła Płock,https://fminside.net/players/2-fm-22/96104160-damian-michalski
218,Wojciech Szumilas ,2020/2021,Wisła Płock,https://fminside.net/players/2-fm-22/96108993-wojciech-szumilas
219,Aleksander Pawlak ,2020/2021,Wisła Płock,https://fminside.net/players/2-fm-22/96149927-aleksander-pawlak
220,Martin Chudy ,2020/2021,Górnik Zabrze,https://fminside.net/players/2-fm-22/63004646-martin-chud
221,Aleksander Paluszek ,2020/2021,Górnik Zabrze,https://fminside.net/players/2-fm-22/96137857-aleksander-paluszek
223,Przemyslaw Wisniewski ,2020/2021,Górnik Zabrze,https://fminside.net/players/2-fm-22/96136102-przemyslaw-wisniewski
224,Erik Janza ,2020/2021,Górnik Zabrze,https://fminside.net/players/2-fm-22/62070855-erik-jana
226,Krzysztof Kubica ,2020/2021,Górnik Zabrze,https://fminside.net/players/2-fm-22/96142780-krzysztof-kubica
227,Alasana Manneh ,2020/2021,Górnik Zabrze,https://fminside.net/players/2-fm-22/219033-alasana-manneh
228,Bartosz Nowak ,2020/2021,Górnik Zabrze,https://fminside.net/players/2-fm-22/96020398-bartosz-nowak
229,Alex Sobczyk ,2020/2021,Górnik Zabrze,https://fminside.net/players/2-fm-22/16162483-alex-sobczyk
230,Jesús Jiménez ,2020/2021,Górnik Zabrze,https://fminside.net/players/2-fm-22/67278165-jesus-jimenez
231,Piotr Krawczyk ,2020/2021,Górnik Zabrze,https://fminside.net/players/2-fm-22/96064110-piotr-krawczyk
232,Norbert Wojtuszek ,2020/2021,Górnik Zabrze,https://fminside.net/players/2-fm-22/96148927-norbert-wojtuszek
233,Stefanos Evangelou ,2020/2021,Górnik Zabrze,https://fminside.net/players/2-fm-22/36099042-stefanos-evangelou
234,Richmond Boakye ,2020/2021,Górnik Zabrze,https://fminside.net/players/2-fm-22/43061332-richmond-boakye
235,Maciej Jankowski ,2020/2021,PGE FKS Stal Mielec,https://fminside.net/players/2-fm-22/96018381-maciej-jankowski
236,Lukasz Zjawinski ,2020/2021,PGE FKS Stal Mielec,https://fminside.net/players/2-fm-22/96115263-lukasz-zjawinski
237,Wojciech Lisowski ,2020/2021,PGE FKS Stal Mielec,https://fminside.net/players/2-fm-22/96009985-wojciech-lisowski
238,Kristers Tobers ,2020/2021,Lechia Gdańsk,https://fminside.net/players/2-fm-22/47090280-kristers-tobers
239,Kenny Saief ,2020/2021,Lechia Gdańsk,https://fminside.net/players/2-fm-22/42022933-kenny-saief
240,Egzon Kryeziu ,2020/2021,Lechia Gdańsk,https://fminside.net/players/2-fm-22/62213205-egzon-kryeziu
241,Mateusz Zukowski ,2020/2021,Lechia Gdańsk,https://fminside.net/players/2-fm-22/96115482-mateusz-zukowski
242,Conrado ,2020/2021,Lechia Gdańsk,https://fminside.net/players/2-fm-22/19359019-conrado
243,David Stec ,2020/2021,Pogoń Szczecin,https://fminside.net/players/2-fm-22/16096611-david-stec
244,Kacper Kozlowski ,2020/2021,Pogoń Szczecin,https://fminside.net/players/2-fm-22/96145145-kacper-kozowski
245,Alexander Gorgon ,2020/2021,Pogoń Szczecin,https://fminside.net/players/2-fm-22/16003912-alexander-gorgon
246,Michal Peskovic ,2020/2021,Podbeskidzie Bielsko - Biała,https://fminside.net/players/2-fm-22/7560458-michal-pekovic
247,Kacper Gach ,2020/2021,Podbeskidzie Bielsko - Biała,https://fminside.net/players/2-fm-22/96120693-kacper-gach
249,Milan Rundic ,2020/2021,Podbeskidzie Bielsko - Biała,https://fminside.net/players/2-fm-22/62079391-milan-rundic
250,Filip Modelski ,2020/2021,Podbeskidzie Bielsko - Biała,https://fminside.net/players/2-fm-22/29087281-filip-modelski
251,Michal Rzuchowski ,2020/2021,Podbeskidzie Bielsko - Biała,https://fminside.net/players/2-fm-22/96028993-michal-rzuchowski
252,Maksymilian Sitek ,2020/2021,Podbeskidzie Bielsko - Biała,https://fminside.net/players/2-fm-22/96122120-maksymilian-sitek
253,Lukasz Sierpina ,2020/2021,Podbeskidzie Bielsko - Biała,https://fminside.net/players/2-fm-22/96004758-lukasz-sierpina
255,Marko Roginic ,2020/2021,Podbeskidzie Bielsko - Biała,https://fminside.net/players/2-fm-22/62215324-marko-roginic
256,Kamil Bilinski ,2020/2021,Podbeskidzie Bielsko - Biała,https://fminside.net/players/2-fm-22/54002413-kamil-bilinski
257,Sergiy Myakushko ,2020/2021,Podbeskidzie Bielsko - Biała,https://fminside.net/players/2-fm-22/71042511-sergiy-myakushko
258,Szymon Mroczko ,2020/2021,Podbeskidzie Bielsko - Biała,https://fminside.net/players/2-fm-22/96163385-szymon-mroczko
259,Roman Prochazka ,2020/2021,Górnik Zabrze,https://fminside.net/players/2-fm-22/63002353-roman-prochazka
260,Daniel Scislak ,2020/2021,Górnik Zabrze,https://fminside.net/players/2-fm-22/96125537-daniel-scislak
262,Michal Rostkowski ,2020/2021,Górnik Zabrze,https://fminside.net/players/2-fm-22/96143294-michal-rostkowski
263,Karol Niemczycki ,2020/2021,Cracovia,https://fminside.net/players/2-fm-22/37070230-karol-niemczycki
264,Matej Rodin ,2020/2021,Cracovia,https://fminside.net/players/2-fm-22/24052225-matej-rodin
265,Damir Sadikovic ,2020/2021,Cracovia,https://fminside.net/players/2-fm-22/21022758-damir-sadikovic
266,Patryk Zaucha ,2020/2021,Cracovia,https://fminside.net/players/2-fm-22/96105432-patryk-zaucha
267,Cornel Rapa ,2020/2021,Cracovia,https://fminside.net/players/2-fm-22/57006241-cornel-rapa
268,Iván Márquez ,2020/2021,Cracovia,https://fminside.net/players/2-fm-22/67211327-ivan-marquez
269,Milan Dimun ,2020/2021,Cracovia,https://fminside.net/players/2-fm-22/63027509-milan-dimun
270,Pelle van Amersfoort ,2020/2021,Cracovia,https://fminside.net/players/2-fm-22/37045760-pelle-van-amersfoort
271,Marcos Álvarez ,2020/2021,Cracovia,https://fminside.net/players/2-fm-22/67271718-marcos-alvarez
272,Ivan Fiolic ,2020/2021,Cracovia,https://fminside.net/players/2-fm-22/24039616-ivan-fiolic
273,Rivaldinho ,2020/2021,Cracovia,https://fminside.net/players/2-fm-22/19148891-rivaldinho
274,Diego Ferraresso ,2020/2021,Cracovia,https://fminside.net/players/2-fm-22/22028484-diego-ferraresso
275,Tomas Vestenicky ,2020/2021,Cracovia,https://fminside.net/players/2-fm-22/63025870-toma-vestenick
276,Filip Piszczek ,2020/2021,Cracovia,https://fminside.net/players/2-fm-22/96080136-filip-piszczek
277,Dawid Szymonowicz ,2020/2021,Cracovia,https://fminside.net/players/2-fm-22/96063637-dawid-szymonowicz
278,Michal Rakowiecki ,2020/2021,Piast Gliwice,https://fminside.net/players/2-fm-22/96158914-micha-rakowiecki
279,Marcel Zylla ,2020/2021,Śląsk Wrocław,https://fminside.net/players/2-fm-22/91175721-marcel-zylla
280,Krzysztof Maczynski ,2020/2021,Śląsk Wrocław,https://fminside.net/players/2-fm-22/54004043-krzysztof-maczynski
281,Rafal Makowski ,2020/2021,Śląsk Wrocław,https://fminside.net/players/2-fm-22/96067538-rafa-makowski
282,Bartlomiej Pawlowski ,2020/2021,Śląsk Wrocław,https://fminside.net/players/2-fm-22/96015473-bartlomiej-pawlowski
283,Damian Weglarz ,2020/2021,Jagiellonia Białystok,https://fminside.net/players/2-fm-22/96063382-damian-weglarz
284,Pawel Olszewski ,2020/2021,Jagiellonia Białystok,https://fminside.net/players/2-fm-22/96093248-pawel-olszewski
287,Ivan Runje ,2020/2021,Jagiellonia Białystok,https://fminside.net/players/2-fm-22/24004593-ivan-runje
288,Martin Pospisil ,2020/2021,Jagiellonia Białystok,https://fminside.net/players/2-fm-22/25022169-martin-pospiil
289,Kris Twardek ,2020/2021,Jagiellonia Białystok,https://fminside.net/players/2-fm-22/29128550-kris-twardek
290,Taras Romanczuk ,2020/2021,Jagiellonia Białystok,https://fminside.net/players/2-fm-22/96061971-taras-romanczuk
291,Maciej Makuszewski ,2020/2021,Jagiellonia Białystok,https://fminside.net/players/2-fm-22/96006049-maciej-makuszewski
292,Jesús Imaz ,2020/2021,Jagiellonia Białystok,https://fminside.net/players/2-fm-22/67102055-jesus-imaz
293,Bartosz Bida ,2020/2021,Jagiellonia Białystok,https://fminside.net/players/2-fm-22/96117682-bartosz-bida
294,Mateusz Wyjadlowski ,2020/2021,Jagiellonia Białystok,https://fminside.net/players/2-fm-22/96108639-mateusz-wyjadlowski
295,Fran López ,2020/2021,Jagiellonia Białystok,https://fminside.net/players/2-fm-22/67279609-fran-lopez
296,Blazej Augustyn ,2020/2021,Jagiellonia Białystok,https://fminside.net/players/2-fm-22/29003178-blazej-augustyn
297,Przemyslaw Mystkowski ,2020/2021,Jagiellonia Białystok,https://fminside.net/players/2-fm-22/96079085-przemyslaw-mystkowski
298,Lukas Hrosso ,2020/2021,Cracovia,https://fminside.net/players/2-fm-22/63000806-luka-hroo
299,Luís Rocha ,2020/2021,Cracovia,https://fminside.net/players/2-fm-22/55022487-luis-rocha
300,Sergiu Hanca ,2020/2021,Cracovia,https://fminside.net/players/2-fm-22/57054448-sergiu-hanca
301,Sylwester Lusiusz ,2020/2021,Cracovia,https://fminside.net/players/2-fm-22/96110462-sylwester-lusiusz
302,Michal Siplak ,2020/2021,Cracovia,https://fminside.net/players/2-fm-22/63026904-michal-siplak
303,Jakub Kosecki ,2020/2021,Cracovia,https://fminside.net/players/2-fm-22/54007025-jakub-kosecki
304,Florian Loshaj ,2020/2021,Cracovia,https://fminside.net/players/2-fm-22/18057381-florian-loshaj
305,Michal Szromnik ,2020/2021,Śląsk Wrocław,https://fminside.net/players/2-fm-22/96020356-michal-szromnik
306,Patryk Janasik ,2020/2021,Śląsk Wrocław,https://fminside.net/players/2-fm-22/96124432-patryk-janasik
307,Lukasz Bejger ,2020/2021,Śląsk Wrocław,https://fminside.net/players/2-fm-22/96142743-lukasz-bejger
308,Konrad Poprawa ,2020/2021,Śląsk Wrocław,https://fminside.net/players/2-fm-22/96126534-konrad-poprawa
309,Filip Bainovic ,2020/2021,Górnik Zabrze,https://fminside.net/players/2-fm-22/62163465-filip-bainovic
310,Michal Koj ,2020/2021,Górnik Zabrze,https://fminside.net/players/2-fm-22/36044695-michal-koj
311,Igor Lasicki ,2020/2021,Pogoń Szczecin,https://fminside.net/players/2-fm-22/96041579-igor-lasicki
312,Thiago ,2020/2021,Cracovia,https://fminside.net/players/2-fm-22/67022040-thiago
313,Daniel Pik ,2020/2021,Cracovia,https://fminside.net/players/2-fm-22/96134727-daniel-pik
314,Ariel Borysiuk ,2020/2021,Jagiellonia Białystok,https://fminside.net/players/2-fm-22/54003776-ariel-borysiuk
315,Jakov Puljic ,2020/2021,Jagiellonia Białystok,https://fminside.net/players/2-fm-22/24025990-jakov-puljic
316,Dominik Hladun ,2020/2021,KGHM Zagłębie Lubin,https://fminside.net/players/2-fm-22/96052620-dominik-hadun
317,Dominik Jonczy ,2020/2021,KGHM Zagłębie Lubin,https://fminside.net/players/2-fm-22/96115995-dominik-jonczy
319,Jakub Wojcicki ,2020/2021,KGHM Zagłębie Lubin,https://fminside.net/players/2-fm-22/96017122-jakub-wojcicki
320,Mateusz Bartolewski ,2020/2021,KGHM Zagłębie Lubin,https://fminside.net/players/2-fm-22/96111101-mateusz-bartolewski
321,Dejan Drazic ,2020/2021,KGHM Zagłębie Lubin,https://fminside.net/players/2-fm-22/62142788-dejan-draic
322,Patryk Szysz ,2020/2021,KGHM Zagłębie Lubin,https://fminside.net/players/2-fm-22/96111859-patryk-szysz
323,Lukasz Poreba ,2020/2021,KGHM Zagłębie Lubin,https://fminside.net/players/2-fm-22/96131652-lukasz-poreba
324,Evgeniy Bashkirov ,2020/2021,KGHM Zagłębie Lubin,https://fminside.net/players/2-fm-22/58045013-evgeny-bashkirov
325,Samuel Mraz ,2020/2021,KGHM Zagłębie Lubin,https://fminside.net/players/2-fm-22/63026943-samuel-mraz
326,Jakub Bednarczyk ,2020/2021,KGHM Zagłębie Lubin,https://fminside.net/players/2-fm-22/96113926-jakub-bednarczyk
327,Kamil Kruk ,2020/2021,KGHM Zagłębie Lubin,https://fminside.net/players/2-fm-22/96131665-kamil-kruk
328,Adam Ratajczyk ,2020/2021,KGHM Zagłębie Lubin,https://fminside.net/players/2-fm-22/96143608-adam-ratajczyk
329,Sasa Zivec ,2020/2021,KGHM Zagłębie Lubin,https://fminside.net/players/2-fm-22/64018852-saa-ivec
330,Rok Sirk ,2020/2021,KGHM Zagłębie Lubin,https://fminside.net/players/2-fm-22/62083380-rok-sirk
331,Guillermo Cotugno ,2020/2021,Śląsk Wrocław,https://fminside.net/players/2-fm-22/78066752-guillermo-cotugno
332,Przemyslaw Kapek ,2020/2021,Cracovia,https://fminside.net/players/2-fm-22/2000013497-przemyslaw-kapek
333,Artur Jedrzejczyk ,2020/2021,Legia Warszawa,https://fminside.net/players/2-fm-22/54000966-artur-jedrzejczyk
334,Jakub Kisiel ,2020/2021,Legia Warszawa,https://fminside.net/players/2-fm-22/96163952-jakub-kisiel
335,Daniel Mikolajewski ,2020/2021,Raków Częstochowa,https://fminside.net/players/2-fm-22/96109884-daniel-mikolajewski
336,Jaroslaw Jach ,2020/2021,Raków Częstochowa,https://fminside.net/players/2-fm-22/96054428-jaroslaw-jach
337,Szymon Lewkot ,2020/2021,Śląsk Wrocław,https://fminside.net/players/2-fm-22/96124949-szymon-lewkot
338,Adam Ryczkowski ,2020/2021,Górnik Zabrze,https://fminside.net/players/2-fm-22/96059425-adam-ryczkowski
339,Mario Rodríguez ,2020/2021,Warta Poznań,https://fminside.net/players/2-fm-22/67220011-mario-rodriguez
340,Kajetan Szmyt ,2020/2021,Warta Poznań,https://fminside.net/players/2-fm-22/96159612-kajetan-szmyt
341,Konrad Handzlik ,2020/2021,Warta Poznań,https://fminside.net/players/2-fm-22/96078941-konrad-handzlik
342,Igor Lewczuk ,2020/2021,Legia Warszawa,https://fminside.net/players/2-fm-22/54005591-igor-lewczuk
343,Domagoj Antolic ,2020/2021,Legia Warszawa,https://fminside.net/players/2-fm-22/24003558-domagoj-antolic
344,Joel Valencia ,2020/2021,Legia Warszawa,https://fminside.net/players/2-fm-22/67140945-joel-valencia
345,Maciej Rosolek ,2020/2021,Legia Warszawa,https://fminside.net/players/2-fm-22/96122116-maciej-rosolek
346,Pawel Stolarski ,2020/2021,Legia Warszawa,https://fminside.net/players/2-fm-22/96048127-pawel-stolarski
347,Cezary Miszta ,2020/2021,Legia Warszawa,https://fminside.net/players/2-fm-22/96122113-cezary-miszta
348,Pavels Steinbors ,2020/2021,Jagiellonia Białystok,https://fminside.net/players/2-fm-22/8404400-pavels-teinbors
349,Andrej Kadlec ,2020/2021,Jagiellonia Białystok,https://fminside.net/players/2-fm-22/63025711-andrej-kadlec
350,Martin Polacek ,2020/2021,Podbeskidzie Bielsko - Biała,https://fminside.net/players/2-fm-22/63024315-martin-polacek
351,Aleksander Komor ,2020/2021,Podbeskidzie Bielsko - Biała,https://fminside.net/players/2-fm-22/96047824-aleksander-komor
352,Rafal Figiel ,2020/2021,Podbeskidzie Bielsko - Biała,https://fminside.net/players/2-fm-22/96018031-rafal-figiel
353,Karol Danielak ,2020/2021,Podbeskidzie Bielsko - Biała,https://fminside.net/players/2-fm-22/96017525-karol-danielak
354,Bartosz Jaroch ,2020/2021,Podbeskidzie Bielsko - Biała,https://fminside.net/players/2-fm-22/96041281-bartosz-jaroch
355,Gergő Kocsis ,2020/2021,Podbeskidzie Bielsko - Biała,https://fminside.net/players/2-fm-22/38020101-gerg-kocsis
356,Desley Ubbink ,2020/2021,Podbeskidzie Bielsko - Biała,https://fminside.net/players/2-fm-22/37053167-desley-ubbink
357,Mateusz Marzec ,2020/2021,Podbeskidzie Bielsko - Biała,https://fminside.net/players/2-fm-22/96109053-mateusz-marzec
358,Joseph Ceesay ,2020/2021,Lechia Gdańsk,https://fminside.net/players/2-fm-22/93059608-joseph-ceesay
359,Michal Kopczynski ,2020/2021,Warta Poznań,https://fminside.net/players/2-fm-22/96016285-michal-kopczynski
360,Krzysztof Toporkiewicz ,2020/2021,Jagiellonia Białystok,https://fminside.net/players/2-fm-22/96160097-krzysztof-toporkiewicz
361,Mickey van der Hart ,2020/2021,Lech Poznań,https://fminside.net/players/2-fm-22/37028399-mickey-van-der-hart
362,Thomas Rogne ,2020/2021,Lech Poznań,https://fminside.net/players/2-fm-22/53020851-thomas-rogne
363,Bartosz Salamon ,2020/2021,Lech Poznań,https://fminside.net/players/2-fm-22/43017767-bartosz-salamon
364,Michal Skoras ,2020/2021,Lech Poznań,https://fminside.net/players/2-fm-22/96105401-micha-skora
365,Jan Sykora ,2020/2021,Lech Poznań,https://fminside.net/players/2-fm-22/25038219-jan-skora
366,Jesper Karlström ,2020/2021,Lech Poznań,https://fminside.net/players/2-fm-22/93052050-jesper-karlstrom
367,Mikael Ishak ,2020/2021,Lech Poznań,https://fminside.net/players/2-fm-22/93012226-mikael-ishak
368,Aron Jóhannsson ,2020/2021,Lech Poznań,https://fminside.net/players/2-fm-22/39014438-aron-johannsson
369,Xavier Dziekonski ,2020/2021,Jagiellonia Białystok,https://fminside.net/players/2-fm-22/96160069-xavier-dziekonski
370,Bojan Nastic ,2020/2021,Jagiellonia Białystok,https://fminside.net/players/2-fm-22/62070090-bojan-nastic
371,Fedor Černych ,2020/2021,Jagiellonia Białystok,https://fminside.net/players/2-fm-22/17012660-fedor-ernych
372,Bartosz Kwiecien ,2020/2021,Jagiellonia Białystok,https://fminside.net/players/2-fm-22/96053482-bartosz-kwiecien
373,Bartlomiej Wdowik ,2020/2021,Jagiellonia Białystok,https://fminside.net/players/2-fm-22/96117657-bartlomiej-wdowik
374,Tomas Prikryl ,2020/2021,Jagiellonia Białystok,https://fminside.net/players/2-fm-22/25022031-toma-prikryl
375,Daniel Bielica ,2020/2021,Warta Poznań,https://fminside.net/players/2-fm-22/96142783-daniel-bielica
376,Radoslaw Cierzniak ,2020/2021,Legia Warszawa,https://fminside.net/players/2-fm-22/717633-radosaw-cierzniak
377,Iñaki Astiz ,2020/2021,Legia Warszawa,https://fminside.net/players/2-fm-22/7443559-inaki-astiz
378,Ariel Mosor ,2020/2021,Legia Warszawa,https://fminside.net/players/2-fm-22/96145650-ariel-mosor
379,Radoslaw Cielemecki ,2020/2021,Legia Warszawa,https://fminside.net/players/2-fm-22/96145652-radosaw-cielemcki
380,Mateusz Cholewiak ,2020/2021,Legia Warszawa,https://fminside.net/players/2-fm-22/96025712-mateusz-cholewiak
381,Szymon Wlodarczyk ,2020/2021,Legia Warszawa,https://fminside.net/players/2-fm-22/96143129-szymon-wlodarczyk
382,William Rémy ,2020/2021,Legia Warszawa,https://fminside.net/players/2-fm-22/34016263-william-remy
383,Damian Warchol ,2020/2021,Legia Warszawa,https://fminside.net/players/2-fm-22/96078126-damian-warchol
384,Mateusz Grudzinski ,2020/2021,Legia Warszawa,https://fminside.net/players/2-fm-22/96115262-mateusz-grudzinski
385,Pawel Cibicki ,2020/2021,Pogoń Szczecin,https://fminside.net/players/2-fm-22/93050462-pawel-cibicki
388,Michal Frydrych ,2020/2021,Wisła Kraków,https://fminside.net/players/2-fm-22/25019878-michal-frydrych
389,Souleymane Kone ,2020/2021,Wisła Kraków,https://fminside.net/players/2-fm-22/59110807-souleymane-kone
390,Piotr Starzynski ,2020/2021,Wisła Kraków,https://fminside.net/players/2-fm-22/2000037468-piotr-starzynski
391,Konrad Gruszkowski ,2020/2021,Wisła Kraków,https://fminside.net/players/2-fm-22/96142662-konrad-gruszkowski
392,Zan Medved ,2020/2021,Wisła Kraków,https://fminside.net/players/2-fm-22/62193676-zan-medved
393,Serafin Szota ,2020/2021,Wisła Kraków,https://fminside.net/players/2-fm-22/96086685-serafin-szota
394,Jakub Bieronski ,2020/2021,Podbeskidzie Bielsko - Biała,https://fminside.net/players/2-fm-22/96158885-jakub-bieronski
395,Petar Mamic ,2020/2021,Podbeskidzie Bielsko - Biała,https://fminside.net/players/2-fm-22/24026910-petar-mamic
396,Jakub Hora ,2020/2021,Podbeskidzie Bielsko - Biała,https://fminside.net/players/2-fm-22/2000083130-jakub-hora
397,Dominik Frelek ,2020/2021,Podbeskidzie Bielsko - Biała,https://fminside.net/players/2-fm-22/96159128-dominik-frelek
398,Marco Tulio ,2020/2021,Podbeskidzie Bielsko - Biała,https://fminside.net/players/2-fm-22/25055332-marco-tulio
399,Peter Wilson ,2020/2021,Podbeskidzie Bielsko - Biała,https://fminside.net/players/2-fm-22/93054646-peter-wilson
400,Antonio Milic ,2020/2021,Lech Poznań,https://fminside.net/players/2-fm-22/24017820-antonio-milic
401,Nika Kvekveskiri ,2020/2021,Lech Poznań,https://fminside.net/players/2-fm-22/59028004-nika-kvekveskiri
402,Piotr Malarczyk ,2020/2021,Piast Gliwice,https://fminside.net/players/2-fm-22/54003557-piotr-malarczyk
403,Mario Maloca ,2020/2021,Lechia Gdańsk,https://fminside.net/players/2-fm-22/24003760-mario-maloca
404,Jan Bieganski ,2020/2021,Lechia Gdańsk,https://fminside.net/players/2-fm-22/96136809-jan-bieganski
405,Wojciech Blyszko ,2020/2021,PGE FKS Stal Mielec,https://fminside.net/players/2-fm-22/96111094-wojciech-blyszko
406,Kamil Koscielny ,2020/2021,PGE FKS Stal Mielec,https://fminside.net/players/2-fm-22/96064141-kamil-koscielny
407,Pawel Tomczyk ,2020/2021,PGE FKS Stal Mielec,https://fminside.net/players/2-fm-22/96105979-pawe-tomczyk
408,Jakub Wrobel ,2020/2021,PGE FKS Stal Mielec,https://fminside.net/players/2-fm-22/96047212-jakub-wrobel
409,Martin Sus ,2020/2021,PGE FKS Stal Mielec,https://fminside.net/players/2-fm-22/25017044-martin-sus
410,Daniel Hoyo,2020/2021,Wisła Kraków,https://fminside.net/players/2-fm-22/96151509-daniel-hoyo-kowalski
411,Pawel Zuk ,2020/2021,Wisła Płock,https://fminside.net/players/2-fm-22/28116396-pawel-zuk
412,Maciej Ambrosiewicz ,2020/2021,Wisła Płock,https://fminside.net/players/2-fm-22/96113784-maciej-ambrosiewicz
413,Michal Karbownik ,2020/2021,Legia Warszawa,https://fminside.net/players/2-fm-22/96122114-michal-karbownik
414,José Kanté ,2020/2021,Legia Warszawa,https://fminside.net/players/2-fm-22/67179381-jose-kante
415,Kacper Skibicki ,2020/2021,Legia Warszawa,https://fminside.net/players/2-fm-22/96143066-kacper-skibicki
416,Michal Gliwa ,2020/2021,PGE FKS Stal Mielec,https://fminside.net/players/2-fm-22/54003281-michal-gliwa
417,Uros Radakovic ,2020/2021,Wisła Kraków,https://fminside.net/players/2-fm-22/62075319-uros-radakovic
418,David Mawutor ,2020/2021,Wisła Kraków,https://fminside.net/players/2-fm-22/59070568-david-mawutor
419,Nikola Kuveljic ,2020/2021,Wisła Kraków,https://fminside.net/players/2-fm-22/62235611-nikola-kuveljic
420,Sebastian Strozik ,2020/2021,Cracovia,https://fminside.net/players/2-fm-22/96129135-sebastian-strozik
421,Marcin Budzinski ,2020/2021,Cracovia,https://fminside.net/players/2-fm-22/54009904-marcin-budziski
422,Maciej Bortniczuk ,2020/2021,Jagiellonia Białystok,https://fminside.net/players/2-fm-22/96161496-maciej-bortniczuk
423,Filip Laskowski ,2020/2021,Podbeskidzie Bielsko - Biała,https://fminside.net/players/2-fm-22/96158886-filip-laskowski
424,Giannis Papanikolaou ,2020/2021,Raków Częstochowa,https://fminside.net/players/2-fm-22/36125593-giannis-papanikolaou
425,Sebastian Musiolik ,2020/2021,Raków Częstochowa,https://fminside.net/players/2-fm-22/96063056-sebastian-musiolik
426,Ben Lederman ,2020/2021,Raków Częstochowa,https://fminside.net/players/2-fm-22/67247579-ben-lederman
427,Giorgi Merebashvili ,2020/2021,Wisła Płock,https://fminside.net/players/2-fm-22/59000159-giorgi-merebashvili
428,Wojciech Hajda ,2020/2021,Górnik Zabrze,https://fminside.net/players/2-fm-22/96125519-wojciech-hajda
429,Filip Szymczak ,2020/2021,Lech Poznań,https://fminside.net/players/2-fm-22/96145475-filip-szymczak
430,Michal Buchalik ,2020/2021,Wisła Kraków,https://fminside.net/players/2-fm-22/54008421-michal-buchalik
431,Konrad Wrzesinski ,2020/2021,Jagiellonia Białystok,https://fminside.net/players/2-fm-22/96049245-konrad-wrzesinski
432,Ognjen Gnjatic ,2020/2021,Korona Kielce,https://fminside.net/players/2-fm-22/95002859-ognjen-gnjatic
433,Andrés Lioi ,2020/2021,Korona Kielce,https://fminside.net/players/2-fm-22/14181107-andres-lioi
434,Dawid Lisowski ,2020/2021,Korona Kielce,https://fminside.net/players/2-fm-22/96135461-dawid-lisowski
435,Luka Maric ,2020/2021,Arka Gdynia,https://fminside.net/players/2-fm-22/16191358-luka-maric
436,Adam Danch ,2020/2021,Arka Gdynia,https://fminside.net/players/2-fm-22/54004103-adam-danch
437,Adam Marciniak ,2020/2021,Arka Gdynia,https://fminside.net/players/2-fm-22/54002542-adam-marciniak
438,Mateusz Mlynski ,2020/2021,Arka Gdynia,https://fminside.net/players/2-fm-22/96131477-mateusz-mlynski
440,Vinicius Mello ,2020/2021,Arka Gdynia,https://fminside.net/players/2-fm-22/2000060326-vinicius-mello
441,Oskar Zawada ,2020/2021,Arka Gdynia,https://fminside.net/players/2-fm-22/91128580-oskar-zawada
442,Jakub Wawszczyk ,2020/2021,Arka Gdynia,https://fminside.net/players/2-fm-22/96092461-jakub-wawszczyk
443,Fabian Serrarens ,2020/2021,Arka Gdynia,https://fminside.net/players/2-fm-22/37023877-fabian-serrarens
444,Kamil Antonik ,2020/2021,Arka Gdynia,https://fminside.net/players/2-fm-22/96144244-kamil-antonik
445,Kacper Chodyna ,2020/2021,KGHM Zagłębie Lubin,https://fminside.net/players/2-fm-22/96086695-kacper-chodyna
446,Luka Simic ,2020/2021,KGHM Zagłębie Lubin,https://fminside.net/players/2-fm-22/98054258-luka-simic
447,Sasa Balic ,2020/2021,KGHM Zagłębie Lubin,https://fminside.net/players/2-fm-22/62001497-saa-balic
448,Mykola Musolitin ,2020/2021,Lechia Gdańsk,https://fminside.net/players/2-fm-22/71090240-mykola-musolitin
449,Zlatan Alomerovic ,2020/2021,Lechia Gdańsk,https://fminside.net/players/2-fm-22/35011171-zlatan-alomerovic
450,Cezary Stefanczyk ,2020/2021,Wisła Płock,https://fminside.net/players/2-fm-22/710834-cezary-stefaczyk
451,Michal Marcjanik ,2020/2021,Wisła Płock,https://fminside.net/players/2-fm-22/96064351-michal-marcjanik
452,Dominik Furman ,2020/2021,Wisła Płock,https://fminside.net/players/2-fm-22/96011097-dominik-furman
453,Karol Angielski ,2020/2021,Wisła Płock,https://fminside.net/players/2-fm-22/96052677-karol-angielski
454,Pawel Bochniewicz ,2020/2021,Górnik Zabrze,https://fminside.net/players/2-fm-22/43122975-pawel-bochniewicz
455,Stavros Vasilantonopoulos ,2020/2021,Górnik Zabrze,https://fminside.net/players/2-fm-22/36045554-stavros-vasilantonopoulos
456,Erik Jirka ,2020/2021,Górnik Zabrze,https://fminside.net/players/2-fm-22/63027524-erik-jirka
457,Georgios Giakoumakis ,2020/2021,Górnik Zabrze,https://fminside.net/players/2-fm-22/36077389-giorgos-giakoumakis
458,Igor Angulo ,2020/2021,Górnik Zabrze,https://fminside.net/players/2-fm-22/7450347-igor-angulo
459,Nika Kacharava ,2020/2021,Lech Poznań,https://fminside.net/players/2-fm-22/58098759-nika-kacharava
460,Antoni Kozubal ,2020/2021,Lech Poznań,https://fminside.net/players/2-fm-22/2000042276-antoni-kozubal
461,Krystian Palacz ,2020/2021,Lech Poznań,https://fminside.net/players/2-fm-22/96159314-krystian-palacz
462,Maik Nawrocki ,2020/2021,Warta Poznań,https://fminside.net/players/2-fm-22/96129436-maik-nawrocki
463,Bartlomiej Burman ,2020/2021,Warta Poznań,https://fminside.net/players/2-fm-22/96121216-bartlomiej-burman
464,Szymon Stasik ,2020/2021,PGE FKS Stal Mielec,https://fminside.net/players/2-fm-22/96121457-szymon-stasik
465,Kacper Sadlocha ,2020/2021,PGE FKS Stal Mielec,https://fminside.net/players/2-fm-22/96131488-kacper-sadlocha
466,Damian Oko ,2020/2021,KGHM Zagłębie Lubin,https://fminside.net/players/2-fm-22/96115780-damian-oko
467,Filip Starzynski ,2020/2021,KGHM Zagłębie Lubin,https://fminside.net/players/2-fm-22/96027391-filip-starzynski
468,Karol Podlinski ,2020/2021,KGHM Zagłębie Lubin,https://fminside.net/players/2-fm-22/96110295-karol-podlinski
469,Lukasz Lakomy ,2020/2021,KGHM Zagłębie Lubin,https://fminside.net/players/2-fm-22/96128951-lukasz-lakomy
470,Jakub Osobinski ,2020/2021,Korona Kielce,https://fminside.net/players/2-fm-22/96142984-jakub-osobinski
471,Radoslaw Sewerys ,2020/2021,Korona Kielce,https://fminside.net/players/2-fm-22/2000007437-radosaw-sewery
472,Maciej Sowinski ,2020/2021,Korona Kielce,https://fminside.net/players/2-fm-22/2000120037-maciej-sowinski
473,Dawid Arndt ,2020/2021,ŁKS Łódź,https://fminside.net/players/2-fm-22/96134888-dawid-arndt
474,Maciej Dabrowski ,2020/2021,ŁKS Łódź,https://fminside.net/players/2-fm-22/96003335-maciej-dabrowski
475,Adrian Klimczak ,2020/2021,ŁKS Łódź,https://fminside.net/players/2-fm-22/96093714-adrian-klimczak
476,Jan Sobocinski ,2020/2021,ŁKS Łódź,https://fminside.net/players/2-fm-22/96111613-jan-sobocinski
477,Dragoljub Srnic ,2020/2021,ŁKS Łódź,https://fminside.net/players/2-fm-22/62042156-dragoljub-srnic
478,Maksymilian Rozwandowicz ,2020/2021,ŁKS Łódź,https://fminside.net/players/2-fm-22/96047953-maksymilian-rozwandowicz
479,Michal Trabka ,2020/2021,ŁKS Łódź,https://fminside.net/players/2-fm-22/96075516-micha-trbka
480,Pirulo ,2020/2021,ŁKS Łódź,https://fminside.net/players/2-fm-22/67148477-pirulo
481,Lukasz Sekulski ,2020/2021,ŁKS Łódź,https://fminside.net/players/2-fm-22/96004894-lukasz-sekulski
482,Maciej Wolski ,2020/2021,ŁKS Łódź,https://fminside.net/players/2-fm-22/96079894-maciej-wolski
483,Carlos Moros ,2020/2021,ŁKS Łódź,https://fminside.net/players/2-fm-22/93104490-carlos-moros-gracia
484,Djordje Crnomarkovic ,2020/2021,KGHM Zagłębie Lubin,https://fminside.net/players/2-fm-22/62095373-djordje-crnomarkovi
485,Miroslav Stoch ,2020/2021,KGHM Zagłębie Lubin,https://fminside.net/players/2-fm-22/29000485-miroslav-stoch
486,Kacper Kostorz ,2020/2021,Legia Warszawa,https://fminside.net/players/2-fm-22/96118192-kacper-kostorz
487,James Rodríguez ,2020/2021,Wisła Płock,https://fminside.net/players/2-fm-22/76002390-james-rodriguez
488,Rafal Wolski ,2020/2021,Wisła Płock,https://fminside.net/players/2-fm-22/96011096-rafal-wolski
489,Mateusz Sopocko ,2020/2021,Warta Poznań,https://fminside.net/players/2-fm-22/96105933-mateusz-sopocko
490,Godfrey Bitok Stephen ,2020/2021,Jagiellonia Białystok,https://fminside.net/players/2-fm-22/17039425-godfrey-bitok-stephen
491,Uros Korun ,2020/2021,Piast Gliwice,https://fminside.net/players/2-fm-22/7586876-uros-korun
492,Tom Hateley ,2020/2021,Piast Gliwice,https://fminside.net/players/2-fm-22/28004400-tom-hateley
493,João Félix ,2020/2021,Piast Gliwice,https://fminside.net/players/2-fm-22/83169822-joao-felix
494,Piotr Parzyszek ,2020/2021,Piast Gliwice,https://fminside.net/players/2-fm-22/37020446-piotr-parzyszek
495,Szymon Pankiewicz ,2020/2021,Jagiellonia Białystok,https://fminside.net/players/2-fm-22/96160056-szymon-pankiewicz
496,Marcin Kaczmarek ,2020/2021,Raków Częstochowa,https://fminside.net/players/2-fm-22/717428-marcin-kaczmarek
497,Damjan Bohar ,2020/2021,KGHM Zagłębie Lubin,https://fminside.net/players/2-fm-22/64016388-damjan-bohar
498,Jakub Tosik ,2020/2021,KGHM Zagłębie Lubin,https://fminside.net/players/2-fm-22/54003129-jakub-tosik
499,Dawid Pakulski ,2020/2021,KGHM Zagłębie Lubin,https://fminside.net/players/2-fm-22/96119089-dawid-pakulski
500,Kacper Wachowiak ,2020/2021,Wisła Kraków,https://fminside.net/players/2-fm-22/2000014267-kacper-wachowiak
501,Javier Hyjek ,2020/2021,Piast Gliwice,https://fminside.net/players/2-fm-22/67279508-javier-hyjek
502,Karlo Muhar ,2020/2021,Lech Poznań,https://fminside.net/players/2-fm-22/24039536-karlo-muhar
505,Michal Rakoczy ,2020/2021,Cracovia,https://fminside.net/players/2-fm-22/96131409-michal-rakoczy
507,Karol Szymanski ,2020/2021,Lech Poznań,https://fminside.net/players/2-fm-22/96032456-karol-szymanski
508,Kamil Józwiak ,2020/2021,Lech Poznań,https://fminside.net/players/2-fm-22/96075397-kamil-jozwiak
509,Christian Gytkjaer ,2020/2021,Lech Poznań,https://fminside.net/players/2-fm-22/27000596-christian-gytkjr
510,Timur Zhamaletdinov ,2020/2021,Lech Poznań,https://fminside.net/players/2-fm-22/58114997-timur-zhamaletdinov
511,Rafal Leszczynski ,2020/2021,Podbeskidzie Bielsko - Biała,https://fminside.net/players/2-fm-22/96029506-rafal-leszczynski
512,Kornel Osyra ,2020/2021,Podbeskidzie Bielsko - Biała,https://fminside.net/players/2-fm-22/96029483-kornel-osyra
513,Kacper Rogozinski ,2020/2021,Wisła Płock,https://fminside.net/players/2-fm-22/96135465-kacper-rogozinski
514,Lukasz Wolsztynski ,2020/2021,Górnik Zabrze,https://fminside.net/players/2-fm-22/96103364-lukasz-wolsztynski
515,Jakub Sypek ,2020/2021,KGHM Zagłębie Lubin,https://fminside.net/players/2-fm-22/96162217-jakub-sypek
516,Iván Martín ,2020/2021,Podbeskidzie Bielsko - Biała,https://fminside.net/players/2-fm-22/67258832-ivan-martin
517,Lukasz Seweryn ,2020/2021,PGE FKS Stal Mielec,https://fminside.net/players/2-fm-22/96145137-lukasz-seweryn
518,Branislav Pindroch ,2020/2021,Raków Częstochowa,https://fminside.net/players/2-fm-22/63011774-branislav-pindroch
519,Rafal Kobryn ,2020/2021,Lechia Gdańsk,https://fminside.net/players/2-fm-22/96105942-rafal-kobryn
520,Egy Maulana Vikri ,2020/2021,Lechia Gdańsk,https://fminside.net/players/2-fm-22/41056668-egy-maulana-vikri
521,Konrad Gutowski ,2020/2021,Podbeskidzie Bielsko - Biała,https://fminside.net/players/2-fm-22/96110314-konrad-gutowski
522,Damian Primel ,2020/2021,PGE FKS Stal Mielec,https://fminside.net/players/2-fm-22/96008267-damian-primel
523,Milosz Mleczko ,2020/2021,Lech Poznań,https://fminside.net/players/2-fm-22/96086684-milosz-mleczko
524,Volodymyr Kostevych ,2020/2021,Lech Poznań,https://fminside.net/players/2-fm-22/71044370-volodymyr-kostevych
525,Robert Gumny ,2020/2021,Lech Poznań,https://fminside.net/players/2-fm-22/96075390-robert-gumny
526,Zé Gomes ,2020/2021,Lechia Gdańsk,https://fminside.net/players/2-fm-22/83269767-ze-gomes
527,Mateusz Winciersz ,2020/2021,Piast Gliwice,https://fminside.net/players/2-fm-22/96148473-mateusz-winciersz
528,Marcin Szpakowski ,2020/2021,Śląsk Wrocław,https://fminside.net/players/2-fm-22/96142656-marcin-szpakowski
529,Kacper Bieszczad ,2020/2021,KGHM Zagłębie Lubin,https://fminside.net/players/2-fm-22/96163848-kacper-bieszczad
530,Frederik Helstrup ,2020/2021,Arka Gdynia,https://fminside.net/players/2-fm-22/27053810-frederik-helstrup
531,Dawid Markiewicz ,2020/2021,Arka Gdynia,https://fminside.net/players/2-fm-22/96148894-dawid-markiewicz
532,Rafal Siemaszko ,2020/2021,Arka Gdynia,https://fminside.net/players/2-fm-22/96016793-rafal-siemaszko
533,Juan Cámara ,2020/2021,Jagiellonia Białystok,https://fminside.net/players/2-fm-22/77030164-juan-camara
535,Krzysztof Drzazga ,2020/2021,Wisła Kraków,https://fminside.net/players/2-fm-22/96061753-krzysztof-drzazga
537,Kacper Krzepisz ,2020/2021,Arka Gdynia,https://fminside.net/players/2-fm-22/96134819-kacper-krzepisz
538,Daniel Chmielnicki ,2020/2021,Arka Gdynia,https://fminside.net/players/2-fm-22/96148895-daniel-chmielnicki
539,Douglas Bergqvist ,2020/2021,Arka Gdynia,https://fminside.net/players/2-fm-22/29060631-douglas-bergqvist
540,Patryk Soboczynski ,2020/2021,Arka Gdynia,https://fminside.net/players/2-fm-22/2000018864-patryk-soboczynski
541,Adrian Lyszczarz ,2020/2021,Śląsk Wrocław,https://fminside.net/players/2-fm-22/96108943-adrian-lyszczarz
542,Szymon Sobczak ,2020/2021,Jagiellonia Białystok,https://fminside.net/players/2-fm-22/96018451-szymon-sobczak
543,Bartlomiej Krecichwost ,2020/2021,Podbeskidzie Bielsko - Biała,https://fminside.net/players/2-fm-22/96134700-bartlomiej-krecichwost
544,Jakub Gut ,2020/2021,Cracovia,https://fminside.net/players/2-fm-22/2000037399-jakub-gut
545,Bartlomiej Mruk ,2020/2021,Pogoń Szczecin,https://fminside.net/players/2-fm-22/96149401-bartlomiej-mruk
546,Kacper Urbanski ,2020/2021,Lechia Gdańsk,https://fminside.net/players/2-fm-22/96161950-kacper-urbanski
547,Arkadiusz Malarz ,2020/2021,ŁKS Łódź,https://fminside.net/players/2-fm-22/714121-arkadiusz-malarz
548,Samuel Corral ,2020/2021,ŁKS Łódź,https://fminside.net/players/2-fm-22/67155728-samu-corral
549,Przemyslaw Sajdak ,2020/2021,ŁKS Łódź,https://fminside.net/players/2-fm-22/96141742-przemyslaw-sajdak
550,Alexander Domínguez ,2020/2021,ŁKS Łódź,https://fminside.net/players/2-fm-22/80000436-alexander-dominguez
552,Michal Helik ,2020/2021,Cracovia,https://fminside.net/players/2-fm-22/96047830-michal-helik
553,Milosz Matysik ,2020/2021,Jagiellonia Białystok,https://fminside.net/players/2-fm-22/2000045437-milosz-matysik
554,Guima ,2020/2021,ŁKS Łódź,https://fminside.net/players/2-fm-22/83107368-guima
555,Filip Koperski ,2020/2021,Lechia Gdańsk,https://fminside.net/players/2-fm-22/2000036459-filip-koperski
556,Norbert Paclawski ,2020/2021,Lech Poznań,https://fminside.net/players/2-fm-22/2000038808-norbert-paclawski
557,Wojciech Muzyk ,2020/2021,Legia Warszawa,https://fminside.net/players/2-fm-22/96114038-wojciech-muzyk
558,Ricardo Nunes ,2020/2021,Pogoń Szczecin,https://fminside.net/players/2-fm-22/744631-ricardo-nunes
559,Myroslav Mazur ,2020/2021,Jagiellonia Białystok,https://fminside.net/players/2-fm-22/71111609-myroslav-mazur
560,Filip Dymerski ,2020/2021,Lechia Gdańsk,https://fminside.net/players/2-fm-22/96129466-filip-dymerski
561,Maciej Twarowski ,2020/2021,Jagiellonia Białystok,https://fminside.net/players/2-fm-22/96154410-maciej-twarowski
562,Piotr Pierzchala ,2020/2021,Korona Kielce,https://fminside.net/players/2-fm-22/96141687-piotr-pierzchala
563,Michal Papadopulos ,2020/2021,Korona Kielce,https://fminside.net/players/2-fm-22/5643691-michal-papadopulos
564,Jakub Gorski ,2020/2021,Korona Kielce,https://fminside.net/players/2-fm-22/96162815-jakub-gorski
565,Przemyslaw Oziebala ,2020/2021,Raków Częstochowa,https://fminside.net/players/2-fm-22/54002966-przemyslaw-oziebala
566,Jakub Witek ,2020/2021,Wisła Płock,https://fminside.net/players/2-fm-22/2000047804-jakub-witek
567,Bartlomiej Sielewski ,2020/2021,Wisła Płock,https://fminside.net/players/2-fm-22/54014737-bartomiej-sielewski
568,Mikolaj Kwietniewski ,2020/2021,Wisła Płock,https://fminside.net/players/2-fm-22/29162926-mikolaj-kwietniewski
569,Ruslan Babenko ,2020/2021,Raków Częstochowa,https://fminside.net/players/2-fm-22/71023097-ruslan-babenko
570,Przemyslaw Maj ,2020/2021,PGE FKS Stal Mielec,https://fminside.net/players/2-fm-22/2000031079-przemyslaw-maj
571,Szymon Matuszek ,2020/2021,Górnik Zabrze,https://fminside.net/players/2-fm-22/67030704-szymon-matuszek
572,Konrad Forenc ,2020/2021,KGHM Zagłębie Lubin,https://fminside.net/players/2-fm-22/96010287-konrad-forenc
573,Bartosz Bialek ,2020/2021,KGHM Zagłębie Lubin,https://fminside.net/players/2-fm-22/96131663-bartosz-bialek
